4809999,114,216,1561,2005,25270.0,0.0,2.392106,0.278652,JPN,THA,7802
4810000,174,216,1561,2005,0.0,568147.0,-0.038225999999999996,-0.057957,PHL,THA,7802
4810001,192,216,1561,2005,0.0,21370.0,1.601677,0.49930399999999997,SGP,THA,7802
4810002,249,216,1561,2005,17355.0,0.0,1.577067,1.3218450000000002,TWN,THA,7802
4810003,71,222,1561,2005,0.0,8941.0,0.9318489999999999,1.999698,ESP,TTO,7802
4810004,231,222,1561,2005,11304.0,0.0,1.718086,-0.34564,USA,TTO,7802
4810005,236,222,1561,2005,0.0,8189.0,0.248175,-0.9600629999999999,VEN,TTO,7802
4810006,61,224,1561,2005,0.0,4675.0,2.172479,-2.446472,DEU,TUR,7802
4810007,71,224,1561,2005,0.0,103853.0,0.9318489999999999,1.999698,ESP,TUR,7802
4810008,82,224,1561,2005,107797.0,0.0,0.041261,-0.530021,GEO,TUR,7802
4810009,110,224,1561,2005,0.0,28944.0,1.3829120000000001,0.761617,ISR,TUR,7802
4810010,231,224,1561,2005,123064.0,0.0,1.718086,-0.34564,USA,TUR,7802
4810011,0,231,1561,2005,0.0,14989.0,0.409159,-0.712276,ABW,USA,7802
4810012,14,231,1561,2005,0.0,59156.0,0.18443099999999998,0.489043,AUS,USA,7802
4810013,18,231,1561,2005,0.0,101265.0,1.275296,1.345063,BEL,USA,7802
4810014,25,231,1561,2005,2773.0,0.0,0.299331,-0.641232,BHS,USA,7802
4810015,39,231,1561,2005,1419995.0,12357944.0,0.9895149999999999,1.0437459999999998,CAN,USA,7802
4810016,42,231,1561,2005,28111.0,3644.0,-0.168344,-0.43438999999999994,CHL,USA,7802
4810017,43,231,1561,2005,0.0,2020288.0,0.608256,2.8242220000000002,CHN,USA,7802
4810018,49,231,1561,2005,990575.0,64309.0,0.077191,0.47193500000000005,COL,USA,7802
4810019,57,231,1561,2005,0.0,17613.0,0.363006,-0.734404,CYM,USA,7802
4810020,61,231,1561,2005,0.0,15639.0,2.172479,-2.446472,DEU,USA,7802
4810021,65,231,1561,2005,15385.0,33262.0,-0.370894,-0.140178,DOM,USA,7802
4810022,68,231,1561,2005,0.0,49150.0,-0.247748,0.492885,EGY,USA,7802
4810023,71,231,1561,2005,12236.0,0.0,0.9318489999999999,1.999698,ESP,USA,7802
4810024,74,231,1561,2005,0.0,631903.0,1.8661240000000001,0.932386,FIN,USA,7802
4810025,81,231,1561,2005,0.0,249274.0,1.805023,0.425654,GBR,USA,7802
4810026,82,231,1561,2005,26218.0,0.0,0.041261,-0.530021,GEO,USA,7802
4810027,93,231,1561,2005,109090.0,26527.0,-0.414479,0.41440200000000005,GTM,USA,7802
4810028,97,231,1561,2005,0.0,65196.0,0.5862149999999999,2.0303459999999998,HKG,USA,7802
4810029,99,231,1561,2005,0.0,170372.0,-0.731899,-0.54884,HND,USA,7802
4810030,104,231,1561,2005,1490.0,1999845.0,0.212108,2.817413,IND,USA,7802
4810031,106,231,1561,2005,0.0,14993.0,1.536605,0.189781,IRL,USA,7802
4810032,114,231,1561,2005,0.0,21028.0,2.392106,0.278652,JPN,USA,7802
4810033,121,231,1561,2005,0.0,3076956.0,1.4051850000000001,0.815171,KOR,USA,7802
4810034,128,231,1561,2005,0.0,45013.0,-0.718592,0.22666,LKA,USA,7802
4810035,138,231,1561,2005,802572.0,54529.0,1.046235,0.856245,MEX,USA,7802
4810036,153,231,1561,2005,0.0,3590.0,0.5847439999999999,0.13176300000000002,MYS,USA,7802
4810037,168,231,1561,2005,0.0,37885.0,-0.592542,0.365501,PAK,USA,7802
4810038,169,231,1561,2005,0.0,4659.0,-0.166943,0.212196,PAN,USA,7802
4810039,174,231,1561,2005,13440.0,0.0,-0.038225999999999996,-0.057957,PHL,USA,7802
4810040,186,231,1561,2005,16353.0,0.0,0.901675,0.061595000000000004,RUS,USA,7802
4810041,197,231,1561,2005,0.0,31763.0,-0.279708,0.109346,SLV,USA,7802
4810042,222,231,1561,2005,0.0,11304.0,0.13125699999999998,-0.9324479999999999,TTO,USA,7802
4810043,223,231,1561,2005,54764.0,0.0,-0.07273099999999999,0.671113,TUN,USA,7802
4810044,224,231,1561,2005,0.0,123064.0,0.226487,2.210279,TUR,USA,7802
4810045,234,231,1561,2005,0.0,1357.0,-0.584696,-0.842192,VCT,USA,7802
4810046,236,231,1561,2005,61876.0,2945.0,0.248175,-0.9600629999999999,VEN,USA,7802
4810047,239,231,1561,2005,0.0,60604.0,-0.673618,0.766938,VNM,USA,7802
4810048,7,236,1561,2005,0.0,8612.0,0.11526600000000001,-0.393171,ARE,VEN,7802
4810049,18,236,1561,2005,0.0,27474.0,1.275296,1.345063,BEL,VEN,7802
4810050,32,236,1561,2005,0.0,13133.0,0.567638,1.139122,BRA,VEN,7802
4810051,42,236,1561,2005,60031.0,0.0,-0.168344,-0.43438999999999994,CHL,VEN,7802
4810052,65,236,1561,2005,260604.0,0.0,-0.370894,-0.140178,DOM,VEN,7802
4810053,71,236,1561,2005,0.0,26339.0,0.9318489999999999,1.999698,ESP,VEN,7802
4810054,222,236,1561,2005,8189.0,0.0,0.13125699999999998,-0.9324479999999999,TTO,VEN,7802
4810055,231,236,1561,2005,2945.0,61876.0,1.718086,-0.34564,USA,VEN,7802
4810056,81,243,1561,2005,0.0,23707.0,1.805023,0.425654,GBR,YEM,7802
4810057,104,243,1561,2005,0.0,1785.0,0.212108,2.817413,IND,YEM,7802
4810058,19,246,1561,2005,5883.0,0.0,-0.7930510000000001,-0.798868,BEN,ZAF,7802
4810059,37,246,1561,2005,26308.0,2261.0,-0.857577,-1.1514229999999999,BWA,ZAF,7802
4810060,104,246,1561,2005,0.0,27277.0,0.212108,2.817413,IND,ZAF,7802
4810061,121,246,1561,2005,0.0,16331.0,1.4051850000000001,0.815171,KOR,ZAF,7802
4810062,147,246,1561,2005,22189.0,0.0,-1.301283,-1.180598,MOZ,ZAF,7802
4810063,155,246,1561,2005,7121.0,0.0,-0.381972,-0.405269,NAM,ZAF,7802
4810064,159,246,1561,2005,3848909.0,0.0,-2.359834,-1.2772219999999999,NGA,ZAF,7802
4810065,168,246,1561,2005,0.0,43649.0,-0.592542,0.365501,PAK,ZAF,7802
4810066,239,246,1561,2005,0.0,59662.0,-0.673618,0.766938,VNM,ZAF,7802
4810067,250,246,1561,2005,5829.0,0.0,0.63454,-0.41119799999999995,ANS,ZAF,7802
4810068,83,249,1561,2005,9036.0,0.0,-1.031092,-0.820743,GHA,TWN,7802
4810069,168,249,1561,2005,76756.0,0.0,-0.592542,0.365501,PAK,TWN,7802
4810070,174,249,1561,2005,50877.0,0.0,-0.038225999999999996,-0.057957,PHL,TWN,7802
4810071,216,249,1561,2005,0.0,17355.0,0.552846,1.664665,THA,TWN,7802
4810072,9,7,1561,2005,14227.0,0.0,0.435237,-0.436709,ARM,ARE,7802
4810073,24,7,1561,2005,1032.0,0.0,0.19583599999999998,-0.946515,BHR,ARE,7802
4810074,61,7,1561,2005,9446.0,0.0,2.172479,-2.446472,DEU,ARE,7802
4810075,74,7,1561,2005,224626.0,0.0,1.8661240000000001,0.932386,FIN,ARE,7802
4810076,82,7,1561,2005,44548.0,0.0,0.041261,-0.530021,GEO,ARE,7802
4810077,97,7,1561,2005,0.0,7470.0,0.5862149999999999,2.0303459999999998,HKG,ARE,7802
4810078,104,7,1561,2005,50536.0,2271916.0,0.212108,2.817413,IND,ARE,7802
4810079,107,7,1561,2005,7220.0,232619.0,-0.305068,-0.804413,IRN,ARE,7802
4810080,115,7,1561,2005,10135.0,0.0,-0.06211900000000001,-0.641976,KAZ,ARE,7802
4810081,126,7,1561,2005,30293.0,0.0,-0.159698,-1.126737,LBY,ARE,7802
4810082,128,7,1561,2005,0.0,17732.0,-0.718592,0.22666,LKA,ARE,7802
4810083,134,7,1561,2005,75101.0,0.0,-0.617355,-0.129666,MAR,ARE,7802
4810084,159,7,1561,2005,9502.0,0.0,-2.359834,-1.2772219999999999,NGA,ARE,7802
4810085,162,7,1561,2005,21719.0,0.0,1.143533,1.614774,NLD,ARE,7802
4810086,168,7,1561,2005,0.0,134404.0,-0.592542,0.365501,PAK,ARE,7802
4810087,174,7,1561,2005,0.0,164107.0,-0.038225999999999996,-0.057957,PHL,ARE,7802
4810088,188,7,1561,2005,56909.0,0.0,0.678873,-0.759985,SAU,ARE,7802
4810089,190,7,1561,2005,9419.0,0.0,-1.5685850000000001,-1.243433,SDN,ARE,7802
4810090,192,7,1561,2005,0.0,45361.0,1.601677,0.49930399999999997,SGP,ARE,7802
4810091,226,7,1561,2005,22779.0,0.0,-1.049726,0.005511,TZA,ARE,7802
4810092,236,7,1561,2005,8612.0,0.0,0.248175,-0.9600629999999999,VEN,ARE,7802
4810093,239,7,1561,2005,0.0,409918.0,-0.673618,0.766938,VNM,ARE,7802
4810094,250,7,1561,2005,114.0,1348.0,0.63454,-0.41119799999999995,ANS,ARE,7802
4810095,188,22,1561,2005,7713.0,0.0,0.678873,-0.759985,SAU,BGD,7802
4810096,90,23,1561,2005,75851.0,8422.0,0.321907,1.7731669999999997,GRC,BGR,7802
4810097,111,23,1561,2005,12919.0,0.0,1.295883,1.032218,ITA,BGR,7802
4810098,140,23,1561,2005,140155.0,0.0,-0.084262,0.23169099999999998,MKD,BGR,7802
4810099,185,23,1561,2005,223898.0,0.0,0.371288,1.095875,ROU,BGR,7802
4810100,189,23,1561,2005,25266.0,0.0,0.560725,1.62105,SCG,BGR,7802
4810101,190,23,1561,2005,10057.0,0.0,-1.5685850000000001,-1.243433,SDN,BGR,7802
4810102,61,28,1561,2005,0.0,61168.0,2.172479,-2.446472,DEU,BLR,7802
4810103,186,28,1561,2005,2316.0,0.0,0.901675,0.061595000000000004,RUS,BLR,7802
4810104,15,59,1561,2005,354911.0,0.0,1.808359,0.148177,AUT,CZE,7802
4810105,18,59,1561,2005,0.0,6425.0,1.275296,1.345063,BEL,CZE,7802
4810106,26,59,1561,2005,199319.0,0.0,0.273972,0.468758,BIH,CZE,7802
4810107,61,59,1561,2005,334849.0,1285047.0,2.172479,-2.446472,DEU,CZE,7802
4810108,102,59,1561,2005,419977.0,0.0,1.3558,0.876179,HUN,CZE,7802
4810109,177,59,1561,2005,1000839.0,0.0,0.9564299999999999,1.559385,POL,CZE,7802
4810110,206,59,1561,2005,28168.0,0.0,1.250608,0.9054639999999999,SVK,CZE,7802
4810111,71,68,1561,2005,0.0,32260.0,0.9318489999999999,1.999698,ESP,EGY,7802
4810112,104,68,1561,2005,0.0,36968.0,0.212108,2.817413,IND,EGY,7802
4810113,111,68,1561,2005,0.0,175500.0,1.295883,1.032218,ITA,EGY,7802
4810114,190,68,1561,2005,10560.0,0.0,-1.5685850000000001,-1.243433,SDN,EGY,7802
4810115,231,68,1561,2005,49150.0,0.0,1.718086,-0.34564,USA,EGY,7802
4810116,7,82,1561,2005,0.0,44548.0,0.11526600000000001,-0.393171,ARE,GEO,7802
4810117,71,82,1561,2005,0.0,45209.0,0.9318489999999999,1.999698,ESP,GEO,7802
4810118,104,82,1561,2005,0.0,57432.0,0.212108,2.817413,IND,GEO,7802
4810119,111,82,1561,2005,0.0,41855.0,1.295883,1.032218,ITA,GEO,7802
4810120,224,82,1561,2005,0.0,107797.0,0.226487,2.210279,TUR,GEO,7802
4810121,231,82,1561,2005,0.0,26218.0,1.718086,-0.34564,USA,GEO,7802
4810122,23,90,1561,2005,8422.0,75851.0,0.338438,1.495008,BGR,GRC,7802
4810123,41,90,1561,2005,1882.0,0.0,2.0461709999999997,0.615855,CHE,GRC,7802
4810124,58,90,1561,2005,0.0,26343.0,0.573122,0.474224,CYP,GRC,7802
4810125,61,90,1561,2005,0.0,43959.0,2.172479,-2.446472,DEU,GRC,7802
4810126,104,90,1561,2005,0.0,176797.0,0.212108,2.817413,IND,GRC,7802
4810127,110,90,1561,2005,0.0,89605.0,1.3829120000000001,0.761617,ISR,GRC,7802
4810128,111,90,1561,2005,0.0,253460.0,1.295883,1.032218,ITA,GRC,7802
4810129,140,90,1561,2005,15963.0,0.0,-0.084262,0.23169099999999998,MKD,GRC,7802
4810130,189,90,1561,2005,2044.0,0.0,0.560725,1.62105,SCG,GRC,7802
4810131,15,100,1561,2005,0.0,36437.0,1.808359,0.148177,AUT,HRV,7802
4810132,26,100,1561,2005,83999.0,35212.0,0.273972,0.468758,BIH,HRV,7802
4810133,61,100,1561,2005,0.0,125839.0,2.172479,-2.446472,DEU,HRV,7802
4810134,81,100,1561,2005,0.0,54568.0,1.805023,0.425654,GBR,HRV,7802
4810135,111,100,1561,2005,32516.0,98890.0,1.295883,1.032218,ITA,HRV,7802
4810136,206,100,1561,2005,0.0,1615.0,1.250608,0.9054639999999999,SVK,HRV,7802
4810137,207,100,1561,2005,6411.0,90488.0,1.583591,0.9321229999999999,SVN,HRV,7802
4810138,15,102,1561,2005,0.0,148002.0,1.808359,0.148177,AUT,HUN,7802
4810139,18,102,1561,2005,0.0,134770.0,1.275296,1.345063,BEL,HUN,7802
4810140,26,102,1561,2005,13330.0,0.0,0.273972,0.468758,BIH,HUN,7802
4810141,59,102,1561,2005,0.0,419977.0,1.56768,0.6784319999999999,CZE,HUN,7802
4810142,61,102,1561,2005,3900.0,18949.0,2.172479,-2.446472,DEU,HUN,7802
4810143,77,102,1561,2005,0.0,20380.0,1.505148,0.594409,FRA,HUN,7802
4810144,162,102,1561,2005,0.0,53493.0,1.143533,1.614774,NLD,HUN,7802
4810145,207,102,1561,2005,0.0,317630.0,1.583591,0.9321229999999999,SVN,HUN,7802
4810146,7,107,1561,2005,232619.0,7220.0,0.11526600000000001,-0.393171,ARE,IRN,7802
4810147,104,107,1561,2005,0.0,6417.0,0.212108,2.817413,IND,IRN,7802
4810148,134,107,1561,2005,8064.0,0.0,-0.617355,-0.129666,MAR,IRN,7802
4810149,104,113,1561,2005,0.0,93512.0,0.212108,2.817413,IND,JOR,7802
4810150,162,113,1561,2005,0.0,299080.0,1.143533,1.614774,NLD,JOR,7802
4810151,190,113,1561,2005,6797.0,0.0,-1.5685850000000001,-1.243433,SDN,JOR,7802
4810152,7,115,1561,2005,0.0,10135.0,0.11526600000000001,-0.393171,ARE,KAZ,7802
4810153,61,115,1561,2005,0.0,3846.0,2.172479,-2.446472,DEU,KAZ,7802
4810154,104,115,1561,2005,0.0,23978.0,0.212108,2.817413,IND,KAZ,7802
4810155,117,115,1561,2005,23253.0,0.0,-0.197277,0.169736,KGZ,KAZ,7802
4810156,186,115,1561,2005,4182886.0,0.0,0.901675,0.061595000000000004,RUS,KAZ,7802
4810157,232,115,1561,2005,161522.0,0.0,-0.357031,-0.730797,UZB,KAZ,7802
4810158,43,116,1561,2005,0.0,21291.0,0.608256,2.8242220000000002,CHN,KEN,7802
4810159,81,116,1561,2005,0.0,1596.0,1.805023,0.425654,GBR,KEN,7802
4810160,83,116,1561,2005,4134.0,0.0,-1.031092,-0.820743,GHA,KEN,7802
4810161,104,116,1561,2005,0.0,15175.0,0.212108,2.817413,IND,KEN,7802
4810162,43,117,1561,2005,0.0,25219.0,0.608256,2.8242220000000002,CHN,KGZ,7802
4810163,115,117,1561,2005,0.0,23253.0,-0.06211900000000001,-0.641976,KAZ,KGZ,7802
4810164,18,124,1561,2005,0.0,27245.0,1.275296,1.345063,BEL,LBN,7802
4810165,81,124,1561,2005,0.0,528981.0,1.805023,0.425654,GBR,LBN,7802
4810166,104,124,1561,2005,0.0,75667.0,0.212108,2.817413,IND,LBN,7802
4810167,106,124,1561,2005,0.0,633937.0,1.536605,0.189781,IRL,LBN,7802
4810168,111,124,1561,2005,0.0,13929.0,1.295883,1.032218,ITA,LBN,7802
4810169,7,128,1561,2005,17732.0,0.0,0.11526600000000001,-0.393171,ARE,LKA,7802
4810170,14,128,1561,2005,27253.0,0.0,0.18443099999999998,0.489043,AUS,LKA,7802
4810171,32,128,1561,2005,26878.0,0.0,0.567638,1.139122,BRA,LKA,7802
4810172,61,128,1561,2005,17568.0,0.0,2.172479,-2.446472,DEU,LKA,7802
4810173,104,128,1561,2005,0.0,49525.0,0.212108,2.817413,IND,LKA,7802
4810174,110,128,1561,2005,9520.0,0.0,1.3829120000000001,0.761617,ISR,LKA,7802
4810175,114,128,1561,2005,58428.0,0.0,2.392106,0.278652,JPN,LKA,7802
4810176,138,128,1561,2005,13935.0,0.0,1.046235,0.856245,MEX,LKA,7802
4810177,159,128,1561,2005,143865.0,0.0,-2.359834,-1.2772219999999999,NGA,LKA,7802
4810178,168,128,1561,2005,15739.0,0.0,-0.592542,0.365501,PAK,LKA,7802
4810179,185,128,1561,2005,30658.0,0.0,0.371288,1.095875,ROU,LKA,7802
4810180,188,128,1561,2005,11381.0,0.0,0.678873,-0.759985,SAU,LKA,7802
4810181,192,128,1561,2005,10104.0,0.0,1.601677,0.49930399999999997,SGP,LKA,7802
4810182,231,128,1561,2005,45013.0,0.0,1.718086,-0.34564,USA,LKA,7802
4810183,18,130,1561,2005,0.0,22068.0,1.275296,1.345063,BEL,LTU,7802
4810184,61,130,1561,2005,0.0,1798107.0,2.172479,-2.446472,DEU,LTU,7802
4810185,72,130,1561,2005,0.0,482498.0,0.6351600000000001,1.039403,EST,LTU,7802
4810186,81,130,1561,2005,0.0,7738.0,1.805023,0.425654,GBR,LTU,7802
4810187,132,130,1561,2005,0.0,6040.0,0.439697,0.690283,LVA,LTU,7802
4810188,162,130,1561,2005,0.0,41439.0,1.143533,1.614774,NLD,LTU,7802
4810189,177,130,1561,2005,0.0,417940.0,0.9564299999999999,1.559385,POL,LTU,7802
4810190,18,131,1561,2005,0.0,6065.0,1.275296,1.345063,BEL,LUX,7802
4810191,61,131,1561,2005,1708.0,58467.0,2.172479,-2.446472,DEU,LUX,7802
4810192,77,131,1561,2005,33642.0,4874.0,1.505148,0.594409,FRA,LUX,7802
4810193,104,131,1561,2005,0.0,8741.0,0.212108,2.817413,IND,LUX,7802
4810194,162,131,1561,2005,0.0,7582.0,1.143533,1.614774,NLD,LUX,7802
4810195,61,132,1561,2005,0.0,137545.0,2.172479,-2.446472,DEU,LVA,7802
4810196,72,132,1561,2005,6326.0,26577.0,0.6351600000000001,1.039403,EST,LVA,7802
4810197,130,132,1561,2005,6040.0,0.0,0.365698,0.8917370000000001,LTU,LVA,7802
4810198,7,134,1561,2005,0.0,75101.0,0.11526600000000001,-0.393171,ARE,MAR,7802
4810199,18,134,1561,2005,0.0,45105.0,1.275296,1.345063,BEL,MAR,7802
4810200,61,134,1561,2005,0.0,22040.0,2.172479,-2.446472,DEU,MAR,7802
4810201,77,134,1561,2005,0.0,84501.0,1.505148,0.594409,FRA,MAR,7802
4810202,81,134,1561,2005,0.0,41839.0,1.805023,0.425654,GBR,MAR,7802
4810203,104,134,1561,2005,0.0,149748.0,0.212108,2.817413,IND,MAR,7802
4810204,106,134,1561,2005,0.0,298633.0,1.536605,0.189781,IRL,MAR,7802
4810205,107,134,1561,2005,0.0,8064.0,-0.305068,-0.804413,IRN,MAR,7802
4810206,111,134,1561,2005,0.0,90812.0,1.295883,1.032218,ITA,MAR,7802
4810207,246,147,1561,2005,0.0,22189.0,0.484464,1.65903,ZAF,MOZ,7802
4810208,250,147,1561,2005,0.0,20515.0,0.63454,-0.41119799999999995,ANS,MOZ,7802
4810209,104,167,1561,2005,0.0,100313.0,0.212108,2.817413,IND,OMN,7802
4810210,188,167,1561,2005,0.0,28047.0,0.678873,-0.759985,SAU,OMN,7802
4810211,7,168,1561,2005,134404.0,0.0,0.11526600000000001,-0.393171,ARE,PAK,7802
4810212,18,168,1561,2005,26061.0,0.0,1.275296,1.345063,BEL,PAK,7802
4810213,43,168,1561,2005,0.0,81232.0,0.608256,2.8242220000000002,CHN,PAK,7802
4810214,81,168,1561,2005,23475.0,35640.0,1.805023,0.425654,GBR,PAK,7802
4810215,104,168,1561,2005,0.0,27994.0,0.212108,2.817413,IND,PAK,7802
4810216,106,168,1561,2005,0.0,145222.0,1.536605,0.189781,IRL,PAK,7802
4810217,128,168,1561,2005,0.0,15739.0,-0.718592,0.22666,LKA,PAK,7802
4810218,159,168,1561,2005,32995.0,0.0,-2.359834,-1.2772219999999999,NGA,PAK,7802
4810219,162,168,1561,2005,409708.0,0.0,1.143533,1.614774,NLD,PAK,7802
4810220,231,168,1561,2005,37885.0,0.0,1.718086,-0.34564,USA,PAK,7802
4810221,246,168,1561,2005,43649.0,0.0,0.484464,1.65903,ZAF,PAK,7802
4810222,249,168,1561,2005,0.0,76756.0,1.577067,1.3218450000000002,TWN,PAK,7802
4810223,18,179,1561,2005,0.0,79156.0,1.275296,1.345063,BEL,PRT,7802
4810224,61,179,1561,2005,2905.0,0.0,2.172479,-2.446472,DEU,PRT,7802
4810225,71,179,1561,2005,379936.0,2354600.0,0.9318489999999999,1.999698,ESP,PRT,7802
4810226,72,179,1561,2005,0.0,2320.0,0.6351600000000001,1.039403,EST,PRT,7802
4810227,104,179,1561,2005,0.0,60353.0,0.212108,2.817413,IND,PRT,7802
4810228,162,179,1561,2005,0.0,7782.0,1.143533,1.614774,NLD,PRT,7802
4810229,104,183,1561,2005,0.0,154709.0,0.212108,2.817413,IND,QAT,7802
4810230,59,206,1561,2005,0.0,28168.0,1.56768,0.6784319999999999,CZE,SVK,7802
4810231,61,206,1561,2005,987.0,105628.0,2.172479,-2.446472,DEU,SVK,7802
4810232,73,206,1561,2005,612.0,0.0,-1.287495,-1.0195940000000001,ETH,SVK,7802
4810233,100,206,1561,2005,1615.0,0.0,0.687937,1.059269,HRV,SVK,7802
4810234,4,207,1561,2005,54307.0,0.0,-0.156823,0.187042,ALB,SVN,7802
4810235,15,207,1561,2005,315739.0,50409.0,1.808359,0.148177,AUT,SVN,7802
4810236,18,207,1561,2005,0.0,10845.0,1.275296,1.345063,BEL,SVN,7802
4810237,26,207,1561,2005,282696.0,0.0,0.273972,0.468758,BIH,SVN,7802
4810238,61,207,1561,2005,0.0,20031.0,2.172479,-2.446472,DEU,SVN,7802
4810239,100,207,1561,2005,90488.0,6411.0,0.687937,1.059269,HRV,SVN,7802
4810240,102,207,1561,2005,317630.0,0.0,1.3558,0.876179,HUN,SVN,7802
4810241,111,207,1561,2005,42396.0,365312.0,1.295883,1.032218,ITA,SVN,7802
4810242,140,207,1561,2005,51669.0,0.0,-0.084262,0.23169099999999998,MKD,SVN,7802
4810243,185,207,1561,2005,85510.0,0.0,0.371288,1.095875,ROU,SVN,7802
4810244,189,207,1561,2005,126958.0,0.0,0.560725,1.62105,SCG,SVN,7802
4810245,250,207,1561,2005,18814.0,0.0,0.63454,-0.41119799999999995,ANS,SVN,7802
4810246,71,223,1561,2005,0.0,28532.0,0.9318489999999999,1.999698,ESP,TUN,7802
4810247,111,223,1561,2005,0.0,15251.0,1.295883,1.032218,ITA,TUN,7802
4810248,231,223,1561,2005,0.0,54764.0,1.718086,-0.34564,USA,TUN,7802
4810249,7,239,1561,2005,409918.0,0.0,0.11526600000000001,-0.393171,ARE,VNM,7802
4810250,24,239,1561,2005,39536.0,0.0,0.19583599999999998,-0.946515,BHR,VNM,7802
4810251,43,239,1561,2005,2519.0,0.0,0.608256,2.8242220000000002,CHN,VNM,7802
4810252,45,239,1561,2005,34201.0,0.0,-1.5648739999999999,-1.210117,CMR,VNM,7802
4810253,65,239,1561,2005,18550.0,0.0,-0.370894,-0.140178,DOM,VNM,7802
4810254,83,239,1561,2005,8986.0,0.0,-1.031092,-0.820743,GHA,VNM,7802
4810255,97,239,1561,2005,5106.0,0.0,0.5862149999999999,2.0303459999999998,HKG,VNM,7802
4810256,151,239,1561,2005,38945.0,0.0,-0.24565,-0.091397,MUS,VNM,7802
4810257,174,239,1561,2005,13197.0,0.0,-0.038225999999999996,-0.057957,PHL,VNM,7802
4810258,231,239,1561,2005,60604.0,0.0,1.718086,-0.34564,USA,VNM,7802
4810259,246,239,1561,2005,59662.0,0.0,0.484464,1.65903,ZAF,VNM,7802
4810260,7,9,1561,2005,0.0,14227.0,0.11526600000000001,-0.393171,ARE,ARM,7802
4810261,246,19,1561,2005,0.0,5883.0,0.484464,1.65903,ZAF,BEN,7802
4810262,246,37,1561,2005,2261.0,26308.0,0.484464,1.65903,ZAF,BWA,7802
4810263,104,44,1561,2005,0.0,51174.0,0.212108,2.817413,IND,CIV,7802
4810264,104,45,1561,2005,0.0,45387.0,0.212108,2.817413,IND,CMR,7802
4810265,239,45,1561,2005,0.0,34201.0,-0.673618,0.766938,VNM,CMR,7802
4810266,18,83,1561,2005,0.0,103196.0,1.275296,1.345063,BEL,GHA,7802
4810267,43,83,1561,2005,0.0,19113.0,0.608256,2.8242220000000002,CHN,GHA,7802
4810268,61,83,1561,2005,0.0,170819.0,2.172479,-2.446472,DEU,GHA,7802
4810269,71,83,1561,2005,0.0,1154.0,0.9318489999999999,1.999698,ESP,GHA,7802
4810270,72,83,1561,2005,0.0,47343.0,0.6351600000000001,1.039403,EST,GHA,7802
4810271,97,83,1561,2005,0.0,2545.0,0.5862149999999999,2.0303459999999998,HKG,GHA,7802
4810272,103,83,1561,2005,0.0,11354.0,-0.273208,1.5252379999999999,IDN,GHA,7802
4810273,104,83,1561,2005,0.0,81261.0,0.212108,2.817413,IND,GHA,7802
4810274,116,83,1561,2005,0.0,4134.0,-0.507389,0.769896,KEN,GHA,7802
4810275,121,83,1561,2005,0.0,11045.0,1.4051850000000001,0.815171,KOR,GHA,7802
4810276,162,83,1561,2005,0.0,6029.0,1.143533,1.614774,NLD,GHA,7802
4810277,239,83,1561,2005,0.0,8986.0,-0.673618,0.766938,VNM,GHA,7802
4810278,249,83,1561,2005,0.0,9036.0,1.577067,1.3218450000000002,TWN,GHA,7802
4810279,61,135,1561,2005,0.0,15569.0,2.172479,-2.446472,DEU,MDA,7802
4810280,246,155,1561,2005,0.0,7121.0,0.484464,1.65903,ZAF,NAM,7802
4810281,104,191,1561,2005,0.0,1508.0,0.212108,2.817413,IND,SEN,7802
4810282,7,226,1561,2005,0.0,22779.0,0.11526600000000001,-0.393171,ARE,TZA,7802
4810283,104,226,1561,2005,0.0,86067.0,0.212108,2.817413,IND,TZA,7802
4810284,248,247,1561,2005,0.0,34453.0,-0.559266,-0.395637,ZWE,ZMB,7802
4810285,247,248,1561,2005,34453.0,0.0,-0.854234,-0.9467399999999999,ZMB,ZWE,7802
4810286,43,234,1561,2005,1538.0,0.0,0.608256,2.8242220000000002,CHN,VCT,7802
4810287,231,234,1561,2005,1357.0,0.0,1.718086,-0.34564,USA,VCT,7802
4810288,4,26,1561,2005,0.0,8183.0,-0.156823,0.187042,ALB,BIH,7802
4810289,15,26,1561,2005,7690.0,400387.0,1.808359,0.148177,AUT,BIH,7802
4810290,41,26,1561,2005,0.0,1803.0,2.0461709999999997,0.615855,CHE,BIH,7802
4810291,59,26,1561,2005,0.0,199319.0,1.56768,0.6784319999999999,CZE,BIH,7802
4810292,61,26,1561,2005,1561.0,1430931.0,2.172479,-2.446472,DEU,BIH,7802
4810293,100,26,1561,2005,35212.0,83999.0,0.687937,1.059269,HRV,BIH,7802
4810294,102,26,1561,2005,0.0,13330.0,1.3558,0.876179,HUN,BIH,7802
4810295,111,26,1561,2005,0.0,21595.0,1.295883,1.032218,ITA,BIH,7802
4810296,207,26,1561,2005,0.0,282696.0,1.583591,0.9321229999999999,SVN,BIH,7802
4810297,61,72,1561,2005,0.0,674643.0,2.172479,-2.446472,DEU,EST,7802
4810298,74,72,1561,2005,152781.0,0.0,1.8661240000000001,0.932386,FIN,EST,7802
4810299,81,72,1561,2005,0.0,117317.0,1.805023,0.425654,GBR,EST,7802
4810300,83,72,1561,2005,47343.0,0.0,-1.031092,-0.820743,GHA,EST,7802
4810301,130,72,1561,2005,482498.0,0.0,0.365698,0.8917370000000001,LTU,EST,7802
4810302,132,72,1561,2005,26577.0,6326.0,0.439697,0.690283,LVA,EST,7802
4810303,162,72,1561,2005,0.0,102204.0,1.143533,1.614774,NLD,EST,7802
4810304,179,72,1561,2005,2320.0,0.0,0.5119819999999999,1.901636,PRT,EST,7802
4810305,7,126,1561,2005,0.0,30293.0,0.11526600000000001,-0.393171,ARE,LBY,7802
4810306,111,126,1561,2005,0.0,432941.0,1.295883,1.032218,ITA,LBY,7802
4810307,4,140,1561,2005,0.0,1687.0,-0.156823,0.187042,ALB,MKD,7802
4810308,23,140,1561,2005,0.0,140155.0,0.338438,1.495008,BGR,MKD,7802
4810309,90,140,1561,2005,0.0,15963.0,0.321907,1.7731669999999997,GRC,MKD,7802
4810310,110,140,1561,2005,0.0,93966.0,1.3829120000000001,0.761617,ISR,MKD,7802
4810311,111,140,1561,2005,0.0,19801.0,1.295883,1.032218,ITA,MKD,7802
4810312,207,140,1561,2005,0.0,51669.0,1.583591,0.9321229999999999,SVN,MKD,7802
4810313,162,141,1561,2005,0.0,957.0,1.143533,1.614774,NLD,MLI,7802
4810314,43,178,1561,2005,0.0,1980.0,0.608256,2.8242220000000002,CHN,PRK,7802
4810315,49,178,1561,2005,71924.0,0.0,0.077191,0.47193500000000005,COL,PRK,7802
4810316,23,189,1561,2005,0.0,25266.0,0.338438,1.495008,BGR,SCG,7802
4810317,61,189,1561,2005,0.0,356599.0,2.172479,-2.446472,DEU,SCG,7802
4810318,90,189,1561,2005,0.0,2044.0,0.321907,1.7731669999999997,GRC,SCG,7802
4810319,110,189,1561,2005,0.0,23195.0,1.3829120000000001,0.761617,ISR,SCG,7802
4810320,111,189,1561,2005,0.0,106154.0,1.295883,1.032218,ITA,SCG,7802
4810321,207,189,1561,2005,0.0,126958.0,1.583591,0.9321229999999999,SVN,SCG,7802
4810322,162,0,1561,2005,31599.0,0.0,1.143533,1.614774,NLD,ABW,7802
4810323,231,0,1561,2005,14989.0,0.0,1.718086,-0.34564,USA,ABW,7802
4810324,7,250,1561,2005,1348.0,114.0,0.11526600000000001,-0.393171,ARE,ANS,7802
4810325,51,250,1561,2005,4322.0,0.0,0.12126400000000001,-0.44637899999999997,CPV,ANS,7802
4810326,104,250,1561,2005,0.0,22466.0,0.212108,2.817413,IND,ANS,7802
4810327,147,250,1561,2005,20515.0,0.0,-1.301283,-1.180598,MOZ,ANS,7802
4810328,166,250,1561,2005,0.0,10467.0,0.623822,0.825528,NZL,ANS,7802
4810329,207,250,1561,2005,0.0,18814.0,1.583591,0.9321229999999999,SVN,ANS,7802
4810330,246,250,1561,2005,0.0,5829.0,0.484464,1.65903,ZAF,ANS,7802
4810331,18,2,1561,2005,0.0,8872.0,1.275296,1.345063,BEL,AGO,7802
4810332,104,2,1561,2005,0.0,1044.0,0.212108,2.817413,IND,AGO,7802
4810333,26,4,1561,2005,8183.0,0.0,0.273972,0.468758,BIH,ALB,7802
4810334,111,4,1561,2005,0.0,498765.0,1.295883,1.032218,ITA,ALB,7802
4810335,140,4,1561,2005,1687.0,0.0,-0.084262,0.23169099999999998,MKD,ALB,7802
4810336,207,4,1561,2005,0.0,54307.0,1.583591,0.9321229999999999,SVN,ALB,7802
4810337,7,24,1561,2005,0.0,1032.0,0.11526600000000001,-0.393171,ARE,BHR,7802
4810338,43,24,1561,2005,0.0,15609.0,0.608256,2.8242220000000002,CHN,BHR,7802
4810339,104,24,1561,2005,0.0,419942.0,0.212108,2.817413,IND,BHR,7802
4810340,114,24,1561,2005,0.0,3437.0,2.392106,0.278652,JPN,BHR,7802
4810341,239,24,1561,2005,0.0,39536.0,-0.673618,0.766938,VNM,BHR,7802
4810342,192,34,1561,2005,0.0,16264.0,1.601677,0.49930399999999997,SGP,BRN,7802
4810343,73,62,1561,2005,1415.0,0.0,-1.287495,-1.0195940000000001,ETH,DJI,7802
4810344,14,75,1561,2005,0.0,234664.0,0.18443099999999998,0.489043,AUS,FJI,7802
4810345,166,75,1561,2005,0.0,6275.0,0.623822,0.825528,NZL,FJI,7802
4810346,174,75,1561,2005,0.0,8721.0,-0.038225999999999996,-0.057957,PHL,FJI,7802
4810347,18,85,1561,2005,0.0,113052.0,1.275296,1.345063,BEL,GIN,7802
4810348,162,85,1561,2005,0.0,83161.0,1.143533,1.614774,NLD,GIN,7802
4810349,104,87,1561,2005,0.0,16769.0,0.212108,2.817413,IND,GMB,7802
4810350,64,109,1561,2005,11117.0,0.0,1.210286,1.217256,DNK,ISL,7802
4810351,81,109,1561,2005,0.0,68323.0,1.805023,0.425654,GBR,ISL,7802
4810352,104,122,1561,2005,0.0,2572841.0,0.212108,2.817413,IND,KWT,7802
4810353,81,125,1561,2005,0.0,12674.0,1.805023,0.425654,GBR,LBR,7802
4810354,43,145,1561,2005,0.0,141356.0,0.608256,2.8242220000000002,CHN,MNG,7802
4810355,97,151,1561,2005,0.0,41434.0,0.5862149999999999,2.0303459999999998,HKG,MUS,7802
4810356,192,151,1561,2005,0.0,1838.0,1.601677,0.49930399999999997,SGP,MUS,7802
4810357,239,151,1561,2005,0.0,38945.0,-0.673618,0.766938,VNM,MUS,7802
4810358,7,159,1561,2005,0.0,9502.0,0.11526600000000001,-0.393171,ARE,NGA,7802
4810359,71,159,1561,2005,0.0,1013523.0,0.9318489999999999,1.999698,ESP,NGA,7802
4810360,81,159,1561,2005,0.0,30031.0,1.805023,0.425654,GBR,NGA,7802
4810361,104,159,1561,2005,0.0,301374.0,0.212108,2.817413,IND,NGA,7802
4810362,110,159,1561,2005,0.0,204038.0,1.3829120000000001,0.761617,ISR,NGA,7802
4810363,128,159,1561,2005,0.0,143865.0,-0.718592,0.22666,LKA,NGA,7802
4810364,168,159,1561,2005,0.0,32995.0,-0.592542,0.365501,PAK,NGA,7802
4810365,246,159,1561,2005,0.0,3848909.0,0.484464,1.65903,ZAF,NGA,7802
4810366,18,196,1561,2005,0.0,83446.0,1.275296,1.345063,BEL,SLE,7802
4810367,18,215,1561,2005,0.0,19574.0,1.275296,1.345063,BEL,TGO,7802
4810368,115,232,1561,2005,0.0,161522.0,-0.06211900000000001,-0.641976,KAZ,UZB,7802
4810369,250,51,1561,2005,0.0,4322.0,0.63454,-0.41119799999999995,ANS,CPV,7802
4810370,61,78,1561,2005,2655.0,0.0,2.172479,-2.446472,DEU,FRO,7802
4810371,64,78,1561,2005,3295.0,0.0,1.210286,1.217256,DNK,FRO,7802
4810372,166,242,1561,2005,0.0,27535.0,0.623822,0.825528,NZL,WSM,7802
4810373,231,57,1561,2005,17613.0,0.0,1.718086,-0.34564,USA,CYM,7802
4810374,103,14,1226,2005,0.0,184601.0,-0.273208,1.5252379999999999,IDN,AUS,5001
4810375,166,14,1226,2005,0.0,2936.0,0.623822,0.825528,NZL,AUS,5001
4810376,192,14,1226,2005,0.0,5071.0,1.601677,0.49930399999999997,SGP,AUS,5001
4810377,4,15,1226,2005,0.0,12732.0,-0.156823,0.187042,ALB,AUT,5001
4810378,106,15,1226,2005,0.0,24281.0,1.536605,0.189781,IRL,AUT,5001
4810379,77,18,1226,2005,40293.0,0.0,1.505148,0.594409,FRA,BEL,5001
4810380,106,18,1226,2005,0.0,20018.0,1.536605,0.189781,IRL,BEL,5001
4810381,162,18,1226,2005,0.0,1237.0,1.143533,1.614774,NLD,BEL,5001
4810382,111,32,1226,2005,0.0,4810.0,1.295883,1.032218,ITA,BRA,5001
4810383,114,32,1226,2005,0.0,2953.0,2.392106,0.278652,JPN,BRA,5001
4810384,180,32,1226,2005,9857.0,42394.0,-0.7109880000000001,-0.8740680000000001,PRY,BRA,5001
4810385,81,39,1226,2005,77851.0,3192.0,1.805023,0.425654,GBR,CAN,5001
4810386,96,39,1226,2005,0.0,5538.0,-0.618542,-0.771821,GUY,CAN,5001
4810387,104,39,1226,2005,15078.0,0.0,0.212108,2.817413,IND,CAN,5001
4810388,59,41,1226,2005,1111.0,0.0,1.56768,0.6784319999999999,CZE,CHE,5001
4810389,61,41,1226,2005,6053.0,92658.0,2.172479,-2.446472,DEU,CHE,5001
4810390,231,41,1226,2005,20856.0,0.0,1.718086,-0.34564,USA,CHE,5001
4810391,68,43,1226,2005,0.0,8020.0,-0.247748,0.492885,EGY,CHN,5001
4810392,81,43,1226,2005,14443.0,0.0,1.805023,0.425654,GBR,CHN,5001
4810393,87,43,1226,2005,0.0,2297.0,-0.223043,-0.361032,GMB,CHN,5001
4810394,97,43,1226,2005,0.0,71326.0,0.5862149999999999,2.0303459999999998,HKG,CHN,5001
4810395,103,43,1226,2005,0.0,11309.0,-0.273208,1.5252379999999999,IDN,CHN,5001
4810396,111,43,1226,2005,0.0,1707.0,1.295883,1.032218,ITA,CHN,5001
4810397,114,43,1226,2005,0.0,119915.0,2.392106,0.278652,JPN,CHN,5001
4810398,121,43,1226,2005,0.0,10978.0,1.4051850000000001,0.815171,KOR,CHN,5001
4810399,178,43,1226,2005,36502.0,0.0,0.712403,0.8739520000000001,PRK,CHN,5001
4810400,216,43,1226,2005,0.0,147885.0,0.552846,1.664665,THA,CHN,5001
4810401,231,43,1226,2005,39108.0,1644.0,1.718086,-0.34564,USA,CHN,5001
4810402,232,43,1226,2005,331533.0,0.0,-0.357031,-0.730797,UZB,CHN,5001
4810403,239,43,1226,2005,28029.0,33341.0,-0.673618,0.766938,VNM,CHN,5001
4810404,243,43,1226,2005,0.0,9858.0,-1.214267,-1.2094719999999999,YEM,CHN,5001
4810405,246,43,1226,2005,0.0,12782.0,0.484464,1.65903,ZAF,CHN,5001
4810406,81,52,1226,2005,0.0,1458.0,1.805023,0.425654,GBR,CRI,5001
4810407,4,61,1226,2005,0.0,1144.0,-0.156823,0.187042,ALB,DEU,5001
4810408,41,61,1226,2005,92658.0,6053.0,2.0461709999999997,0.615855,CHE,DEU,5001
4810409,72,61,1226,2005,0.0,5904.0,0.6351600000000001,1.039403,EST,DEU,5001
4810410,77,61,1226,2005,0.0,114303.0,1.505148,0.594409,FRA,DEU,5001
4810411,106,61,1226,2005,0.0,11006.0,1.536605,0.189781,IRL,DEU,5001
4810412,130,61,1226,2005,0.0,6541.0,0.365698,0.8917370000000001,LTU,DEU,5001
4810413,131,61,1226,2005,0.0,2324.0,1.399885,0.974292,LUX,DEU,5001
4810414,163,61,1226,2005,0.0,87068.0,1.0581530000000001,0.038369,NOR,DEU,5001
4810415,231,61,1226,2005,5005.0,0.0,1.718086,-0.34564,USA,DEU,5001
4810416,186,64,1226,2005,0.0,23384.0,0.901675,0.061595000000000004,RUS,DNK,5001
4810417,77,71,1226,2005,0.0,45848.0,1.505148,0.594409,FRA,ESP,5001
4810418,81,71,1226,2005,0.0,1425.0,1.805023,0.425654,GBR,ESP,5001
4810419,104,71,1226,2005,5096.0,0.0,0.212108,2.817413,IND,ESP,5001
4810420,106,71,1226,2005,0.0,10883.0,1.536605,0.189781,IRL,ESP,5001
4810421,18,77,1226,2005,0.0,40293.0,1.275296,1.345063,BEL,FRA,5001
4810422,61,77,1226,2005,114303.0,0.0,2.172479,-2.446472,DEU,FRA,5001
4810423,71,77,1226,2005,45848.0,0.0,0.9318489999999999,1.999698,ESP,FRA,5001
4810424,111,77,1226,2005,8666.0,16901.0,1.295883,1.032218,ITA,FRA,5001
4810425,163,77,1226,2005,0.0,2362.0,1.0581530000000001,0.038369,NOR,FRA,5001
4810426,39,81,1226,2005,3192.0,77851.0,0.9895149999999999,1.0437459999999998,CAN,GBR,5001
4810427,43,81,1226,2005,0.0,14443.0,0.608256,2.8242220000000002,CHN,GBR,5001
4810428,52,81,1226,2005,1458.0,0.0,-0.06424099999999999,-0.370622,CRI,GBR,5001
4810429,71,81,1226,2005,1425.0,0.0,0.9318489999999999,1.999698,ESP,GBR,5001
4810430,104,81,1226,2005,165030.0,9211.0,0.212108,2.817413,IND,GBR,5001
4810431,106,81,1226,2005,41793.0,296289.0,1.536605,0.189781,IRL,GBR,5001
4810432,231,81,1226,2005,19889.0,36115.0,1.718086,-0.34564,USA,GBR,5001
4810433,39,96,1226,2005,5538.0,0.0,0.9895149999999999,1.0437459999999998,CAN,GUY,5001
4810434,43,97,1226,2005,71326.0,0.0,0.608256,2.8242220000000002,CHN,HKG,5001
4810435,192,97,1226,2005,1492.0,0.0,1.601677,0.49930399999999997,SGP,HKG,5001
4810436,231,97,1226,2005,26527.0,0.0,1.718086,-0.34564,USA,HKG,5001
4810437,14,103,1226,2005,184601.0,0.0,0.18443099999999998,0.489043,AUS,IDN,5001
4810438,43,103,1226,2005,11309.0,0.0,0.608256,2.8242220000000002,CHN,IDN,5001
4810439,121,103,1226,2005,1474.0,0.0,1.4051850000000001,0.815171,KOR,IDN,5001
4810440,153,103,1226,2005,45582.0,0.0,0.5847439999999999,0.13176300000000002,MYS,IDN,5001
4810441,192,103,1226,2005,9111.0,0.0,1.601677,0.49930399999999997,SGP,IDN,5001
4810442,7,104,1226,2005,0.0,40275.0,0.11526600000000001,-0.393171,ARE,IND,5001
4810443,39,104,1226,2005,0.0,15078.0,0.9895149999999999,1.0437459999999998,CAN,IND,5001
4810444,71,104,1226,2005,0.0,5096.0,0.9318489999999999,1.999698,ESP,IND,5001
4810445,81,104,1226,2005,9211.0,165030.0,1.805023,0.425654,GBR,IND,5001
4810446,87,104,1226,2005,0.0,2347.0,-0.223043,-0.361032,GMB,IND,5001
4810447,111,104,1226,2005,0.0,8960.0,1.295883,1.032218,ITA,IND,5001
4810448,134,104,1226,2005,0.0,13701.0,-0.617355,-0.129666,MAR,IND,5001
4810449,183,104,1226,2005,0.0,14404.0,0.2381,-1.0287979999999999,QAT,IND,5001
4810450,188,104,1226,2005,0.0,6008.0,0.678873,-0.759985,SAU,IND,5001
4810451,192,104,1226,2005,0.0,15967.0,1.601677,0.49930399999999997,SGP,IND,5001
4810452,226,104,1226,2005,0.0,2155.0,-1.049726,0.005511,TZA,IND,5001
4810453,231,104,1226,2005,0.0,155622.0,1.718086,-0.34564,USA,IND,5001
4810454,243,104,1226,2005,0.0,48285.0,-1.214267,-1.2094719999999999,YEM,IND,5001
4810455,15,106,1226,2005,24281.0,0.0,1.808359,0.148177,AUT,IRL,5001
4810456,18,106,1226,2005,20018.0,0.0,1.275296,1.345063,BEL,IRL,5001
4810457,61,106,1226,2005,11006.0,0.0,2.172479,-2.446472,DEU,IRL,5001
4810458,71,106,1226,2005,10883.0,0.0,0.9318489999999999,1.999698,ESP,IRL,5001
4810459,81,106,1226,2005,296289.0,41793.0,1.805023,0.425654,GBR,IRL,5001
4810460,111,106,1226,2005,1050.0,0.0,1.295883,1.032218,ITA,IRL,5001
4810461,162,106,1226,2005,4703.0,0.0,1.143533,1.614774,NLD,IRL,5001
4810462,246,106,1226,2005,11318.0,0.0,0.484464,1.65903,ZAF,IRL,5001
4810463,4,111,1226,2005,0.0,2530.0,-0.156823,0.187042,ALB,ITA,5001
4810464,24,111,1226,2005,0.0,8750.0,0.19583599999999998,-0.946515,BHR,ITA,5001
4810465,32,111,1226,2005,4810.0,0.0,0.567638,1.139122,BRA,ITA,5001
4810466,43,111,1226,2005,1707.0,0.0,0.608256,2.8242220000000002,CHN,ITA,5001
4810467,77,111,1226,2005,16901.0,8666.0,1.505148,0.594409,FRA,ITA,5001
4810468,104,111,1226,2005,8960.0,0.0,0.212108,2.817413,IND,ITA,5001
4810469,106,111,1226,2005,0.0,1050.0,1.536605,0.189781,IRL,ITA,5001
4810470,231,111,1226,2005,4981.0,0.0,1.718086,-0.34564,USA,ITA,5001
4810471,32,114,1226,2005,2953.0,0.0,0.567638,1.139122,BRA,JPN,5001
4810472,43,114,1226,2005,119915.0,0.0,0.608256,2.8242220000000002,CHN,JPN,5001
4810473,231,114,1226,2005,3084.0,2489.0,1.718086,-0.34564,USA,JPN,5001
4810474,239,114,1226,2005,22925.0,0.0,-0.673618,0.766938,VNM,JPN,5001
4810475,247,114,1226,2005,0.0,2012.0,-0.854234,-0.9467399999999999,ZMB,JPN,5001
4810476,43,121,1226,2005,10978.0,0.0,0.608256,2.8242220000000002,CHN,KOR,5001
4810477,103,121,1226,2005,0.0,1474.0,-0.273208,1.5252379999999999,IDN,KOR,5001
4810478,231,121,1226,2005,0.0,7486.0,1.718086,-0.34564,USA,KOR,5001
4810479,231,138,1226,2005,23803.0,0.0,1.718086,-0.34564,USA,MEX,5001
4810480,103,153,1226,2005,0.0,45582.0,-0.273208,1.5252379999999999,IDN,MYS,5001
4810481,231,153,1226,2005,4751.0,0.0,1.718086,-0.34564,USA,MYS,5001
4810482,18,162,1226,2005,1237.0,0.0,1.275296,1.345063,BEL,NLD,5001
4810483,106,162,1226,2005,0.0,4703.0,1.536605,0.189781,IRL,NLD,5001
4810484,231,162,1226,2005,0.0,24430.0,1.718086,-0.34564,USA,NLD,5001
4810485,61,163,1226,2005,87068.0,0.0,2.172479,-2.446472,DEU,NOR,5001
4810486,77,163,1226,2005,2362.0,0.0,1.505148,0.594409,FRA,NOR,5001
4810487,14,166,1226,2005,2936.0,0.0,0.18443099999999998,0.489043,AUS,NZL,5001
4810488,32,180,1226,2005,42394.0,9857.0,0.567638,1.139122,BRA,PRY,5001
4810489,224,180,1226,2005,196115.0,0.0,0.226487,2.210279,TUR,PRY,5001
4810490,224,185,1226,2005,1417.0,0.0,0.226487,2.210279,TUR,ROU,5001
4810491,64,186,1226,2005,23384.0,0.0,1.210286,1.217256,DNK,RUS,5001
4810492,104,188,1226,2005,6008.0,0.0,0.212108,2.817413,IND,SAU,5001
4810493,14,192,1226,2005,5071.0,0.0,0.18443099999999998,0.489043,AUS,SGP,5001
4810494,97,192,1226,2005,0.0,1492.0,0.5862149999999999,2.0303459999999998,HKG,SGP,5001
4810495,103,192,1226,2005,0.0,9111.0,-0.273208,1.5252379999999999,IDN,SGP,5001
4810496,104,192,1226,2005,15967.0,0.0,0.212108,2.817413,IND,SGP,5001
4810497,128,192,1226,2005,0.0,33446.0,-0.718592,0.22666,LKA,SGP,5001
4810498,23,216,1226,2005,20185.0,0.0,0.338438,1.495008,BGR,THA,5001
4810499,43,216,1226,2005,147885.0,0.0,0.608256,2.8242220000000002,CHN,THA,5001
4810500,231,216,1226,2005,3536.0,0.0,1.718086,-0.34564,USA,THA,5001
4810501,239,216,1226,2005,249385.0,0.0,-0.673618,0.766938,VNM,THA,5001
4810502,180,224,1226,2005,0.0,196115.0,-0.7109880000000001,-0.8740680000000001,PRY,TUR,5001
4810503,185,224,1226,2005,0.0,1417.0,0.371288,1.095875,ROU,TUR,5001
4810504,7,231,1226,2005,0.0,5103.0,0.11526600000000001,-0.393171,ARE,USA,5001
4810505,41,231,1226,2005,0.0,20856.0,2.0461709999999997,0.615855,CHE,USA,5001
4810506,43,231,1226,2005,1644.0,39108.0,0.608256,2.8242220000000002,CHN,USA,5001
4810507,61,231,1226,2005,0.0,5005.0,2.172479,-2.446472,DEU,USA,5001
4810508,81,231,1226,2005,36115.0,19889.0,1.805023,0.425654,GBR,USA,5001
4810509,97,231,1226,2005,0.0,26527.0,0.5862149999999999,2.0303459999999998,HKG,USA,5001
4810510,104,231,1226,2005,155622.0,0.0,0.212108,2.817413,IND,USA,5001
4810511,111,231,1226,2005,0.0,4981.0,1.295883,1.032218,ITA,USA,5001
4810512,114,231,1226,2005,2489.0,3084.0,2.392106,0.278652,JPN,USA,5001
4810513,121,231,1226,2005,7486.0,0.0,1.4051850000000001,0.815171,KOR,USA,5001
4810514,138,231,1226,2005,0.0,23803.0,1.046235,0.856245,MEX,USA,5001
4810515,153,231,1226,2005,0.0,4751.0,0.5847439999999999,0.13176300000000002,MYS,USA,5001
4810516,162,231,1226,2005,24430.0,0.0,1.143533,1.614774,NLD,USA,5001
4810517,216,231,1226,2005,0.0,3536.0,0.552846,1.664665,THA,USA,5001
4810518,43,243,1226,2005,9858.0,0.0,0.608256,2.8242220000000002,CHN,YEM,5001
4810519,104,243,1226,2005,48285.0,0.0,0.212108,2.817413,IND,YEM,5001
4810520,2,246,1226,2005,0.0,1510.0,-1.647198,-1.1817790000000001,AGO,ZAF,5001
4810521,37,246,1226,2005,0.0,4935.0,-0.857577,-1.1514229999999999,BWA,ZAF,5001
4810522,43,246,1226,2005,12782.0,0.0,0.608256,2.8242220000000002,CHN,ZAF,5001
4810523,106,246,1226,2005,0.0,11318.0,1.536605,0.189781,IRL,ZAF,5001
4810524,155,246,1226,2005,0.0,3753.0,-0.381972,-0.405269,NAM,ZAF,5001
4810525,104,7,1226,2005,40275.0,0.0,0.212108,2.817413,IND,ARE,5001
4810526,231,7,1226,2005,5103.0,0.0,1.718086,-0.34564,USA,ARE,5001
4810527,82,16,1226,2005,4942.0,0.0,0.041261,-0.530021,GEO,AZE,5001
4810528,232,16,1226,2005,478541.0,0.0,-0.357031,-0.730797,UZB,AZE,5001
4810529,59,23,1226,2005,0.0,8973.0,1.56768,0.6784319999999999,CZE,BGR,5001
4810530,216,23,1226,2005,0.0,20185.0,0.552846,1.664665,THA,BGR,5001
4810531,23,59,1226,2005,8973.0,0.0,0.338438,1.495008,BGR,CZE,5001
4810532,41,59,1226,2005,0.0,1111.0,2.0461709999999997,0.615855,CHE,CZE,5001
4810533,43,68,1226,2005,8020.0,0.0,0.608256,2.8242220000000002,CHN,EGY,5001
4810534,16,82,1226,2005,0.0,4942.0,-0.272611,-0.9508709999999999,AZE,GEO,5001
4810535,116,90,1226,2005,40630.0,0.0,-0.507389,0.769896,KEN,GRC,5001
4810536,108,107,1226,2005,0.0,25558.0,-1.021297,-0.8532549999999999,IRQ,IRN,5001
4810537,168,107,1226,2005,0.0,100360.0,-0.592542,0.365501,PAK,IRN,5001
4810538,217,107,1226,2005,89526.0,0.0,-0.725111,-1.049776,TJK,IRN,5001
4810539,232,107,1226,2005,216616.0,0.0,-0.357031,-0.730797,UZB,IRN,5001
4810540,90,116,1226,2005,0.0,40630.0,0.321907,1.7731669999999997,GRC,KEN,5001
4810541,192,128,1226,2005,33446.0,0.0,1.601677,0.49930399999999997,SGP,LKA,5001
4810542,61,130,1226,2005,6541.0,0.0,2.172479,-2.446472,DEU,LTU,5001
4810543,61,131,1226,2005,2324.0,0.0,2.172479,-2.446472,DEU,LUX,5001
4810544,104,134,1226,2005,13701.0,0.0,0.212108,2.817413,IND,MAR,5001
4810545,107,168,1226,2005,100360.0,0.0,-0.305068,-0.804413,IRN,PAK,5001
4810546,104,183,1226,2005,14404.0,0.0,0.212108,2.817413,IND,QAT,5001
4810547,43,239,1226,2005,33341.0,28029.0,0.608256,2.8242220000000002,CHN,VNM,5001
4810548,114,239,1226,2005,0.0,22925.0,2.392106,0.278652,JPN,VNM,5001
4810549,216,239,1226,2005,0.0,249385.0,0.552846,1.664665,THA,VNM,5001
4810550,246,37,1226,2005,4935.0,0.0,0.484464,1.65903,ZAF,BWA,5001
4810551,246,155,1226,2005,3753.0,0.0,0.484464,1.65903,ZAF,NAM,5001
4810552,46,226,1226,2005,0.0,8059.0,-1.7843189999999998,-1.155135,COD,TZA,5001
4810553,104,226,1226,2005,2155.0,0.0,0.212108,2.817413,IND,TZA,5001
4810554,114,247,1226,2005,2012.0,0.0,2.392106,0.278652,JPN,ZMB,5001
4810555,61,72,1226,2005,5904.0,0.0,2.172479,-2.446472,DEU,EST,5001
4810556,107,108,1226,2005,25558.0,0.0,-0.305068,-0.804413,IRN,IRQ,5001
4810557,43,178,1226,2005,0.0,36502.0,0.608256,2.8242220000000002,CHN,PRK,5001
4810558,246,2,1226,2005,1510.0,0.0,0.484464,1.65903,ZAF,AGO,5001
4810559,15,4,1226,2005,12732.0,0.0,1.808359,0.148177,AUT,ALB,5001
4810560,61,4,1226,2005,1144.0,0.0,2.172479,-2.446472,DEU,ALB,5001
4810561,111,4,1226,2005,2530.0,0.0,1.295883,1.032218,ITA,ALB,5001
4810562,111,24,1226,2005,8750.0,0.0,1.295883,1.032218,ITA,BHR,5001
4810563,226,46,1226,2005,8059.0,0.0,-1.049726,0.005511,TZA,COD,5001
4810564,43,87,1226,2005,2297.0,0.0,0.608256,2.8242220000000002,CHN,GMB,5001
4810565,104,87,1226,2005,2347.0,0.0,0.212108,2.817413,IND,GMB,5001
4810566,107,217,1226,2005,0.0,89526.0,-0.305068,-0.804413,IRN,TJK,5001
4810567,16,232,1226,2005,0.0,478541.0,-0.272611,-0.9508709999999999,AZE,UZB,5001
4810568,43,232,1226,2005,0.0,331533.0,0.608256,2.8242220000000002,CHN,UZB,5001
4810569,107,232,1226,2005,0.0,216616.0,-0.305068,-0.804413,IRN,UZB,5001
4810570,108,14,1892,2005,0.0,106737456.0,-1.021297,-0.8532549999999999,IRQ,AUS,XXXX
4810571,147,14,1892,2005,0.0,116119832.0,-1.301283,-1.180598,MOZ,AUS,XXXX
4810572,186,15,1892,2005,595087360.0,0.0,0.901675,0.061595000000000004,RUS,AUT,XXXX
4810573,76,162,1892,2005,0.0,136236320.0,-1.215666,-0.8770950000000001,FLK,NLD,XXXX
4810574,15,186,1892,2005,0.0,595087360.0,1.808359,0.148177,AUT,RUS,XXXX
4810575,126,186,1892,2005,0.0,64473956.0,-0.159698,-1.126737,LBY,RUS,XXXX
4810576,189,186,1892,2005,0.0,176323728.0,0.560725,1.62105,SCG,RUS,XXXX
4810577,14,147,1892,2005,116119832.0,0.0,0.18443099999999998,0.489043,AUS,MOZ,XXXX
4810578,14,108,1892,2005,106737456.0,0.0,0.18443099999999998,0.489043,AUS,IRQ,XXXX
4810579,186,126,1892,2005,64473956.0,0.0,0.901675,0.061595000000000004,RUS,LBY,XXXX
4810580,186,189,1892,2005,176323728.0,0.0,0.901675,0.061595000000000004,RUS,SCG,XXXX
4810581,162,76,1892,2005,136236320.0,0.0,1.143533,1.614774,NLD,FLK,XXXX
4810582,231,14,892,2005,0.0,12122003.0,1.718086,-0.34564,USA,AUS,2612
4810583,250,14,892,2005,0.0,237580432.0,0.63454,-0.41119799999999995,ANS,AUS,2612
4810584,81,18,892,2005,0.0,1356.0,1.805023,0.425654,GBR,BEL,2612
4810585,231,18,892,2005,0.0,1038.0,1.718086,-0.34564,USA,BEL,2612
4810586,231,25,892,2005,5104.0,0.0,1.718086,-0.34564,USA,BHS,2612
4810587,81,39,892,2005,0.0,52359.0,1.805023,0.425654,GBR,CAN,2612
4810588,231,39,892,2005,1827.0,1514646.0,1.718086,-0.34564,USA,CAN,2612
4810589,153,43,892,2005,91937.0,1392.0,0.5847439999999999,0.13176300000000002,MYS,CHN,2612
4810590,216,43,892,2005,416415.0,0.0,0.552846,1.664665,THA,CHN,2612
4810591,231,43,892,2005,29063.0,0.0,1.718086,-0.34564,USA,CHN,2612
4810592,239,43,892,2005,355165.0,0.0,-0.673618,0.766938,VNM,CHN,2612
4810593,77,61,892,2005,0.0,1182733.0,1.505148,0.594409,FRA,DEU,2612
4810594,92,64,892,2005,0.0,1076.0,-0.8994700000000001,-0.922005,GRL,DNK,2612
4810595,77,71,892,2005,1099.0,0.0,1.505148,0.594409,FRA,ESP,2612
4810596,157,71,892,2005,1727982.0,0.0,-0.32664299999999996,-0.619282,NER,ESP,2612
4810597,61,77,892,2005,1182733.0,0.0,2.172479,-2.446472,DEU,FRA,2612
4810598,71,77,892,2005,0.0,1099.0,0.9318489999999999,1.999698,ESP,FRA,2612
4810599,131,77,892,2005,0.0,7981.0,1.399885,0.974292,LUX,FRA,2612
4810600,157,77,892,2005,1349220.0,9706.0,-0.32664299999999996,-0.619282,NER,FRA,2612
4810601,18,81,892,2005,1356.0,0.0,1.275296,1.345063,BEL,GBR,2612
4810602,39,81,892,2005,52359.0,0.0,0.9895149999999999,1.0437459999999998,CAN,GBR,2612
4810603,114,104,892,2005,0.0,24966.0,2.392106,0.278652,JPN,IND,2612
4810604,153,104,892,2005,0.0,10250.0,0.5847439999999999,0.13176300000000002,MYS,IND,2612
4810605,100,111,892,2005,0.0,4441.0,0.687937,1.059269,HRV,ITA,2612
4810606,104,114,892,2005,24966.0,0.0,0.212108,2.817413,IND,JPN,2612
4810607,153,114,892,2005,7842.0,0.0,0.5847439999999999,0.13176300000000002,MYS,JPN,2612
4810608,157,114,892,2005,2053024.0,0.0,-0.32664299999999996,-0.619282,NER,JPN,2612
4810609,153,121,892,2005,8130.0,0.0,0.5847439999999999,0.13176300000000002,MYS,KOR,2612
4810610,216,121,892,2005,58252.0,0.0,0.552846,1.664665,THA,KOR,2612
4810611,43,153,892,2005,1392.0,91937.0,0.608256,2.8242220000000002,CHN,MYS,2612
4810612,104,153,892,2005,10250.0,0.0,0.212108,2.817413,IND,MYS,2612
4810613,114,153,892,2005,0.0,7842.0,2.392106,0.278652,JPN,MYS,2612
4810614,121,153,892,2005,0.0,8130.0,1.4051850000000001,0.815171,KOR,MYS,2612
4810615,190,188,892,2005,0.0,8664.0,-1.5685850000000001,-1.243433,SDN,SAU,2612
4810616,188,190,892,2005,8664.0,0.0,0.678873,-0.759985,SAU,SDN,2612
4810617,43,216,892,2005,0.0,416415.0,0.608256,2.8242220000000002,CHN,THA,2612
4810618,121,216,892,2005,0.0,58252.0,1.4051850000000001,0.815171,KOR,THA,2612
4810619,14,231,892,2005,12122003.0,0.0,0.18443099999999998,0.489043,AUS,USA,2612
4810620,18,231,892,2005,1038.0,0.0,1.275296,1.345063,BEL,USA,2612
4810621,25,231,892,2005,0.0,5104.0,0.299331,-0.641232,BHS,USA,2612
4810622,39,231,892,2005,1514646.0,1827.0,0.9895149999999999,1.0437459999999998,CAN,USA,2612
4810623,43,231,892,2005,0.0,29063.0,0.608256,2.8242220000000002,CHN,USA,2612
4810624,232,231,892,2005,4422252.0,0.0,-0.357031,-0.730797,UZB,USA,2612
4810625,111,100,892,2005,4441.0,0.0,1.295883,1.032218,ITA,HRV,2612
4810626,77,131,892,2005,7981.0,0.0,1.505148,0.594409,FRA,LUX,2612
4810627,43,239,892,2005,0.0,355165.0,0.608256,2.8242220000000002,CHN,VNM,2612
4810628,14,250,892,2005,237580432.0,0.0,0.18443099999999998,0.489043,AUS,ANS,2612
4810629,71,157,892,2005,0.0,1727982.0,0.9318489999999999,1.999698,ESP,NER,2612
4810630,77,157,892,2005,9706.0,1349220.0,1.505148,0.594409,FRA,NER,2612
4810631,114,157,892,2005,0.0,2053024.0,2.392106,0.278652,JPN,NER,2612
4810632,231,232,892,2005,0.0,4422252.0,1.718086,-0.34564,USA,UZB,2612
4810633,64,92,892,2005,1076.0,0.0,1.210286,1.217256,DNK,GRL,2612
