2679999,106,103,768,1996.0,0.0,853535.0,1.476369,1.049152,IRL,IDN,2231
2680000,186,103,768,1996.0,0.0,9473.0,0.505247,0.349848,RUS,IDN,2231
2680001,7,104,768,1996.0,0.0,1572.0,-0.43356400000000006,-0.8715719999999999,ARE,IND,2231
2680002,107,104,768,1996.0,0.0,160484.0,-1.0058129999999998,-1.215661,IRN,IND,2231
2680003,168,104,768,1996.0,0.0,19028.0,-0.759362,-0.541712,PAK,IND,2231
2680004,176,114,768,1996.0,11506006.0,0.0,-1.918864,-1.24327,PNG,JPN,2231
2680005,195,114,768,1996.0,4575292.0,0.0,-1.6314629999999999,-0.917385,SLB,JPN,2231
2680006,111,142,768,1996.0,1918.0,0.0,1.591442,0.875201,ITA,MLT,2231
2680007,231,185,768,1996.0,43545.0,0.0,1.742391,1.003066,USA,ROU,2231
2680008,103,186,768,1996.0,9473.0,0.0,-0.25952,1.343972,IDN,RUS,2231
2680009,68,188,768,1996.0,186702.0,0.0,-0.405938,-0.209619,EGY,SAU,2231
2680010,128,188,768,1996.0,6760.0,0.0,-0.71165,-0.320193,LKA,SAU,2231
2680011,22,192,768,1996.0,0.0,1407517.0,-0.751219,-0.9638329999999999,BGD,SGP,2231
2680012,128,192,768,1996.0,0.0,200599.0,-0.71165,-0.320193,LKA,SGP,2231
2680013,153,192,768,1996.0,145609.0,0.0,0.5493640000000001,0.248484,MYS,SGP,2231
2680014,168,192,768,1996.0,0.0,238826.0,-0.759362,-0.541712,PAK,SGP,2231
2680015,176,192,768,1996.0,1083450.0,0.0,-1.918864,-1.24327,PNG,SGP,2231
2680016,195,192,768,1996.0,1331833.0,0.0,-1.6314629999999999,-0.917385,SLB,SGP,2231
2680017,111,207,768,1996.0,1449.0,0.0,1.591442,0.875201,ITA,SVN,2231
2680018,81,246,768,1996.0,2553.0,0.0,1.948148,0.882453,GBR,ZAF,2231
2680019,247,246,768,1996.0,0.0,4631.0,-0.58634,-0.796772,ZMB,ZAF,2231
2680020,61,44,768,1996.0,0.0,220466.0,2.347101,-2.4792799999999997,DEU,CIV,2231
2680021,71,44,768,1996.0,0.0,10348.0,1.157591,1.795643,ESP,CIV,2231
2680022,77,44,768,1996.0,0.0,10175.0,1.571365,1.187529,FRA,CIV,2231
2680023,81,44,768,1996.0,0.0,1820913.0,1.948148,0.882453,GBR,CIV,2231
2680024,208,44,768,1996.0,0.0,595163.0,2.186414,0.848194,SWE,CIV,2231
2680025,215,44,768,1996.0,0.0,162397.0,-0.879626,-0.748842,TGO,CIV,2231
2680026,182,166,768,1996.0,1734.0,0.0,0.9221219999999999,-0.317411,PYF,NZL,2231
2680027,195,166,768,1996.0,32166.0,0.0,-1.6314629999999999,-0.917385,SLB,NZL,2231
2680028,240,166,768,1996.0,2414.0,0.0,-0.78354,-0.903761,VUT,NZL,2231
2680029,44,215,768,1996.0,162397.0,0.0,-0.890915,-0.8165399999999999,CIV,TGO,2231
2680030,246,247,768,1996.0,4631.0,0.0,0.277171,1.489549,ZAF,ZMB,2231
2680031,248,247,768,1996.0,31760.0,0.0,-0.46458999999999995,-0.273683,ZWE,ZMB,2231
2680032,15,100,768,1996.0,4348.0,0.0,2.012626,0.395525,AUT,HRV,2231
2680033,77,107,768,1996.0,250239.0,0.0,1.571365,1.187529,FRA,IRN,2231
2680034,104,107,768,1996.0,160484.0,0.0,0.145769,1.983642,IND,IRN,2231
2680035,68,113,768,1996.0,2127.0,0.0,-0.405938,-0.209619,EGY,JOR,2231
2680036,22,128,768,1996.0,0.0,48210.0,-0.751219,-0.9638329999999999,BGD,LKA,2231
2680037,188,128,768,1996.0,0.0,6760.0,-0.200762,-1.0419610000000001,SAU,LKA,2231
2680038,192,128,768,1996.0,200599.0,0.0,1.288635,0.259061,SGP,LKA,2231
2680039,174,249,768,1996.0,67669.0,0.0,0.0020329999999999997,0.40715,PHL,TWN,2231
2680040,22,250,768,1996.0,0.0,2423830.0,-0.751219,-0.9638329999999999,BGD,ANS,2231
2680041,43,250,768,1996.0,0.0,1475.0,0.383975,2.197461,CHN,ANS,2231
2680042,104,168,768,1996.0,19028.0,0.0,0.145769,1.983642,IND,PAK,2231
2680043,153,168,768,1996.0,186212.0,0.0,0.5493640000000001,0.248484,MYS,PAK,2231
2680044,192,168,768,1996.0,238826.0,0.0,1.288635,0.259061,SGP,PAK,2231
2680045,127,63,768,1996.0,57782.0,0.0,-0.027347000000000003,-0.556575,LCA,DMA,2231
2680046,63,127,768,1996.0,0.0,57782.0,0.521576,-0.075879,DMA,LCA,2231
2680047,222,127,768,1996.0,0.0,4574.0,-0.002541,-0.543624,TTO,LCA,2231
2680048,116,226,768,1996.0,40650.0,0.0,-0.470653,-0.119252,KEN,TZA,2231
2680049,68,7,768,1996.0,95162.0,0.0,-0.405938,-0.209619,EGY,ARE,2231
2680050,104,7,768,1996.0,1572.0,0.0,0.145769,1.983642,IND,ARE,2231
2680051,68,24,768,1996.0,2094.0,0.0,-0.405938,-0.209619,EGY,BHR,2231
2680052,222,96,768,1996.0,0.0,31478.0,-0.002541,-0.543624,TTO,GUY,2231
2680053,226,116,768,1996.0,0.0,40650.0,-1.186121,-0.6688390000000001,TZA,KEN,2231
2680054,68,122,768,1996.0,174052.0,0.0,-0.405938,-0.209619,EGY,KWT,2231
2680055,61,147,768,1996.0,0.0,4544846.0,2.347101,-2.4792799999999997,DEU,MOZ,2231
2680056,68,183,768,1996.0,15853.0,0.0,-0.405938,-0.209619,EGY,QAT,2231
2680057,22,240,768,1996.0,0.0,2565574.0,-0.751219,-0.9638329999999999,BGD,VUT,2231
2680058,61,240,768,1996.0,0.0,3737815.0,2.347101,-2.4792799999999997,DEU,VUT,2231
2680059,166,240,768,1996.0,0.0,2414.0,0.404233,0.6724640000000001,NZL,VUT,2231
2680060,208,240,768,1996.0,0.0,834842.0,2.186414,0.848194,SWE,VUT,2231
2680061,247,248,768,1996.0,0.0,31760.0,-0.58634,-0.796772,ZMB,ZWE,2231
2680062,22,119,768,1996.0,0.0,982948.0,-0.751219,-0.9638329999999999,BGD,KIR,2231
2680063,139,119,768,1996.0,0.0,143536.0,0.016018,-0.686802,MHL,KIR,2231
2680064,119,139,768,1996.0,143536.0,0.0,-0.07346,-0.715288,KIR,MHL,2231
2680065,231,139,768,1996.0,0.0,224799.0,1.742391,1.003066,USA,MHL,2231
2680066,14,176,768,1996.0,0.0,2165.0,0.025253,0.6428189999999999,AUS,PNG,2231
2680067,22,176,768,1996.0,0.0,2241916.0,-0.751219,-0.9638329999999999,BGD,PNG,2231
2680068,61,176,768,1996.0,0.0,8788660.0,2.347101,-2.4792799999999997,DEU,PNG,2231
2680069,81,176,768,1996.0,0.0,6961720.0,1.948148,0.882453,GBR,PNG,2231
2680070,114,176,768,1996.0,0.0,11506006.0,2.858869,0.477455,JPN,PNG,2231
2680071,192,176,768,1996.0,0.0,1083450.0,1.288635,0.259061,SGP,PNG,2231
2680072,208,176,768,1996.0,0.0,1180254.0,2.186414,0.848194,SWE,PNG,2231
2680073,166,182,768,1996.0,0.0,1734.0,0.404233,0.6724640000000001,NZL,PYF,2231
2680074,22,195,768,1996.0,0.0,1391536.0,-0.751219,-0.9638329999999999,BGD,SLB,2231
2680075,61,195,768,1996.0,0.0,184078.0,2.347101,-2.4792799999999997,DEU,SLB,2231
2680076,114,195,768,1996.0,0.0,4575292.0,2.858869,0.477455,JPN,SLB,2231
2680077,166,195,768,1996.0,0.0,32166.0,0.404233,0.6724640000000001,NZL,SLB,2231
2680078,192,195,768,1996.0,0.0,1331833.0,1.288635,0.259061,SGP,SLB,2231
2680079,61,242,768,1996.0,0.0,1787025.0,2.347101,-2.4792799999999997,DEU,WSM,2231
2680080,102,15,764,1996.0,4589.0,7208.0,0.905526,1.887735,HUN,AUT,2223
2680081,111,15,764,1996.0,7574.0,0.0,1.591442,0.875201,ITA,AUT,2223
2680082,114,15,764,1996.0,0.0,9867.0,2.858869,0.477455,JPN,AUT,2223
2680083,231,15,764,1996.0,162939.0,0.0,1.742391,1.003066,USA,AUT,2223
2680084,162,18,764,1996.0,0.0,3318.0,1.331177,1.6320430000000001,NLD,BEL,2223
2680085,8,32,764,1996.0,6340.0,0.0,0.007199,0.805707,ARG,BRA,2223
2680086,14,32,764,1996.0,27350.0,0.0,0.025253,0.6428189999999999,AUS,BRA,2223
2680087,231,32,764,1996.0,60225.0,0.0,1.742391,1.003066,USA,BRA,2223
2680088,14,43,764,1996.0,3646.0,0.0,0.025253,0.6428189999999999,AUS,CHN,2223
2680089,81,43,764,1996.0,0.0,457659.0,1.948148,0.882453,GBR,CHN,2223
2680090,114,43,764,1996.0,1053.0,11696.0,2.858869,0.477455,JPN,CHN,2223
2680091,121,43,764,1996.0,0.0,934032.0,1.230793,1.0548959999999998,KOR,CHN,2223
2680092,231,49,764,1996.0,123034.0,0.0,1.742391,1.003066,USA,COL,2223
2680093,93,52,764,1996.0,94609.0,0.0,-0.28699,0.308033,GTM,CRI,2223
2680094,231,52,764,1996.0,0.0,1307.0,1.742391,1.003066,USA,CRI,2223
2680095,64,61,764,1996.0,0.0,397219.0,1.416927,1.401766,DNK,DEU,2223
2680096,71,61,764,1996.0,62150.0,322111.0,1.157591,1.795643,ESP,DEU,2223
2680097,77,61,764,1996.0,0.0,8378.0,1.571365,1.187529,FRA,DEU,2223
2680098,93,61,764,1996.0,36560.0,0.0,-0.28699,0.308033,GTM,DEU,2223
2680099,162,61,764,1996.0,314090.0,0.0,1.331177,1.6320430000000001,NLD,DEU,2223
2680100,231,61,764,1996.0,111793.0,0.0,1.742391,1.003066,USA,DEU,2223
2680101,61,64,764,1996.0,397219.0,0.0,2.347101,-2.4792799999999997,DEU,DNK,2223
2680102,231,65,764,1996.0,7698.0,0.0,1.742391,1.003066,USA,DOM,2223
2680103,231,67,764,1996.0,5109.0,0.0,1.742391,1.003066,USA,ECU,2223
2680104,14,71,764,1996.0,51632.0,0.0,0.025253,0.6428189999999999,AUS,ESP,2223
2680105,19,71,764,1996.0,5797598.0,0.0,-1.023515,-0.9004909999999999,BEN,ESP,2223
2680106,61,71,764,1996.0,322111.0,62150.0,2.347101,-2.4792799999999997,DEU,ESP,2223
2680107,66,71,764,1996.0,289838.0,0.0,-0.478062,-1.107679,DZA,ESP,2223
2680108,77,71,764,1996.0,32263.0,7881.0,1.571365,1.187529,FRA,ESP,2223
2680109,83,71,764,1996.0,631392.0,0.0,-1.037413,-1.019025,GHA,ESP,2223
2680110,85,71,764,1996.0,509830.0,0.0,-1.2720120000000001,-1.150363,GIN,ESP,2223
2680111,88,71,764,1996.0,125339.0,0.0,-2.151325,-0.959936,GNB,ESP,2223
2680112,90,71,764,1996.0,1223625.0,154591.0,0.21841799999999997,1.081136,GRC,ESP,2223
2680113,110,71,764,1996.0,113892.0,0.0,1.159922,1.025777,ISR,ESP,2223
2680114,111,71,764,1996.0,464066.0,61759.0,1.591442,0.875201,ITA,ESP,2223
2680115,179,71,764,1996.0,161310.0,1162963.0,0.49924799999999997,0.9969520000000001,PRT,ESP,2223
2680116,191,71,764,1996.0,256377.0,0.0,-0.715409,-0.8895850000000001,SEN,ESP,2223
2680117,215,71,764,1996.0,2437674.0,0.0,-0.879626,-0.748842,TGO,ESP,2223
2680118,231,71,764,1996.0,1938339.0,0.0,1.742391,1.003066,USA,ESP,2223
2680119,14,77,764,1996.0,34513.0,0.0,0.025253,0.6428189999999999,AUS,FRA,2223
2680120,61,77,764,1996.0,8378.0,0.0,2.347101,-2.4792799999999997,DEU,FRA,2223
2680121,71,77,764,1996.0,7881.0,32263.0,1.157591,1.795643,ESP,FRA,2223
2680122,90,77,764,1996.0,0.0,67748.0,0.21841799999999997,1.081136,GRC,FRA,2223
2680123,151,77,764,1996.0,2218.0,0.0,-0.578699,-0.831889,MUS,FRA,2223
2680124,179,77,764,1996.0,0.0,4541.0,0.49924799999999997,0.9969520000000001,PRT,FRA,2223
2680125,224,77,764,1996.0,0.0,1604.0,0.07259700000000001,1.734291,TUR,FRA,2223
2680126,231,77,764,1996.0,4356.0,0.0,1.742391,1.003066,USA,FRA,2223
2680127,39,81,764,1996.0,0.0,3104.0,0.970932,1.111111,CAN,GBR,2223
2680128,43,81,764,1996.0,457659.0,0.0,0.383975,2.197461,CHN,GBR,2223
2680129,44,81,764,1996.0,398312.0,0.0,-0.890915,-0.8165399999999999,CIV,GBR,2223
2680130,90,81,764,1996.0,369070.0,0.0,0.21841799999999997,1.081136,GRC,GBR,2223
2680131,188,81,764,1996.0,0.0,2759.0,-0.200762,-1.0419610000000001,SAU,GBR,2223
2680132,191,81,764,1996.0,210228.0,0.0,-0.715409,-0.8895850000000001,SEN,GBR,2223
2680133,215,81,764,1996.0,295216.0,0.0,-0.879626,-0.748842,TGO,GBR,2223
2680134,14,90,764,1996.0,72986.0,0.0,0.025253,0.6428189999999999,AUS,GRC,2223
2680135,23,90,764,1996.0,87390.0,0.0,0.510789,1.749248,BGR,GRC,2223
2680136,41,90,764,1996.0,0.0,12325.0,2.344337,0.709607,CHE,GRC,2223
2680137,71,90,764,1996.0,154591.0,1223625.0,1.157591,1.795643,ESP,GRC,2223
2680138,77,90,764,1996.0,67748.0,0.0,1.571365,1.187529,FRA,GRC,2223
2680139,81,90,764,1996.0,0.0,369070.0,1.948148,0.882453,GBR,GRC,2223
2680140,92,90,764,1996.0,260455.0,0.0,-0.8046939999999999,-0.8102520000000001,GRL,GRC,2223
2680141,102,90,764,1996.0,0.0,3421.0,0.905526,1.887735,HUN,GRC,2223
2680142,110,90,764,1996.0,1086586.0,0.0,1.159922,1.025777,ISR,GRC,2223
2680143,111,90,764,1996.0,0.0,7525214.0,1.591442,0.875201,ITA,GRC,2223
2680144,162,90,764,1996.0,0.0,12083.0,1.331177,1.6320430000000001,NLD,GRC,2223
2680145,188,90,764,1996.0,0.0,1732990.0,-0.200762,-1.0419610000000001,SAU,GRC,2223
2680146,224,90,764,1996.0,0.0,791198.0,0.07259700000000001,1.734291,TUR,GRC,2223
2680147,231,90,764,1996.0,16830122.0,0.0,1.742391,1.003066,USA,GRC,2223
2680148,52,93,764,1996.0,0.0,94609.0,-0.23773000000000002,0.101373,CRI,GTM,2223
2680149,61,93,764,1996.0,0.0,36560.0,2.347101,-2.4792799999999997,DEU,GTM,2223
2680150,160,93,764,1996.0,2925.0,0.0,-0.810879,-0.64475,NIC,GTM,2223
2680151,197,93,764,1996.0,0.0,28290.0,-0.228625,-0.150274,SLV,GTM,2223
2680152,231,93,764,1996.0,5319.0,142110.0,1.742391,1.003066,USA,GTM,2223
2680153,216,97,764,1996.0,36403.0,0.0,0.26155100000000003,1.146204,THA,HKG,2223
2680154,160,99,764,1996.0,2176.0,0.0,-0.810879,-0.64475,NIC,HND,2223
2680155,197,99,764,1996.0,0.0,27306.0,-0.228625,-0.150274,SLV,HND,2223
2680156,231,99,764,1996.0,35475.0,0.0,1.742391,1.003066,USA,HND,2223
2680157,71,110,764,1996.0,0.0,113892.0,1.157591,1.795643,ESP,ISR,2223
2680158,90,110,764,1996.0,0.0,1086586.0,0.21841799999999997,1.081136,GRC,ISR,2223
2680159,113,110,764,1996.0,0.0,17115.0,0.225125,-0.333293,JOR,ISR,2223
2680160,15,111,764,1996.0,0.0,7574.0,2.012626,0.395525,AUT,ITA,2223
2680161,19,111,764,1996.0,10215738.0,0.0,-1.023515,-0.9004909999999999,BEN,ITA,2223
2680162,23,111,764,1996.0,1366904.0,0.0,0.510789,1.749248,BGR,ITA,2223
2680163,41,111,764,1996.0,0.0,10366.0,2.344337,0.709607,CHE,ITA,2223
2680164,71,111,764,1996.0,61759.0,464066.0,1.157591,1.795643,ESP,ITA,2223
2680165,90,111,764,1996.0,7525214.0,0.0,0.21841799999999997,1.081136,GRC,ITA,2223
2680166,104,111,764,1996.0,102220.0,0.0,0.145769,1.983642,IND,ITA,2223
2680167,8,121,764,1996.0,57491.0,0.0,0.007199,0.805707,ARG,KOR,2223
2680168,14,121,764,1996.0,4084009.0,0.0,0.025253,0.6428189999999999,AUS,KOR,2223
2680169,43,121,764,1996.0,934032.0,0.0,0.383975,2.197461,CHN,KOR,2223
2680170,104,121,764,1996.0,34697.0,0.0,0.145769,1.983642,IND,KOR,2223
2680171,216,121,764,1996.0,42668.0,0.0,0.26155100000000003,1.146204,THA,KOR,2223
2680172,231,121,764,1996.0,319577.0,0.0,1.742391,1.003066,USA,KOR,2223
2680173,239,121,764,1996.0,810791.0,0.0,-0.8099569999999999,-0.032258999999999996,VNM,KOR,2223
2680174,19,138,764,1996.0,3115722.0,0.0,-1.023515,-0.9004909999999999,BEN,MEX,2223
2680175,231,138,764,1996.0,20384176.0,658933.0,1.742391,1.003066,USA,MEX,2223
2680176,104,153,764,1996.0,17236.0,0.0,0.145769,1.983642,IND,MYS,2223
2680177,18,162,764,1996.0,3318.0,0.0,1.5604850000000001,1.30819,BEL,NLD,2223
2680178,19,162,764,1996.0,313542.0,0.0,-1.023515,-0.9004909999999999,BEN,NLD,2223
2680179,61,162,764,1996.0,0.0,314090.0,2.347101,-2.4792799999999997,DEU,NLD,2223
2680180,90,162,764,1996.0,12083.0,0.0,0.21841799999999997,1.081136,GRC,NLD,2223
2680181,159,162,764,1996.0,44008.0,0.0,-1.9253069999999999,-1.247116,NGA,NLD,2223
2680182,208,162,764,1996.0,0.0,2134.0,2.186414,0.848194,SWE,NLD,2223
2680183,231,169,764,1996.0,30510.0,0.0,1.742391,1.003066,USA,PAN,2223
2680184,114,174,764,1996.0,1234.0,209501.0,2.858869,0.477455,JPN,PHL,2223
2680185,71,179,764,1996.0,1162963.0,161310.0,1.157591,1.795643,ESP,PRT,2223
2680186,77,179,764,1996.0,4541.0,0.0,1.571365,1.187529,FRA,PRT,2223
2680187,215,179,764,1996.0,189799.0,0.0,-0.879626,-0.748842,TGO,PRT,2223
2680188,8,180,764,1996.0,4531543.0,0.0,0.007199,0.805707,ARG,PRY,2223
2680189,231,180,764,1996.0,173992.0,0.0,1.742391,1.003066,USA,PRY,2223
2680190,162,208,764,1996.0,2134.0,0.0,1.331177,1.6320430000000001,NLD,SWE,2223
2680191,97,216,764,1996.0,0.0,36403.0,0.699041,1.8341720000000001,HKG,THA,2223
2680192,114,216,764,1996.0,0.0,415547.0,2.858869,0.477455,JPN,THA,2223
2680193,118,216,764,1996.0,0.0,5954.0,-0.9007299999999999,-0.9713620000000001,KHM,THA,2223
2680194,121,216,764,1996.0,0.0,42668.0,1.230793,1.0548959999999998,KOR,THA,2223
2680195,77,224,764,1996.0,1604.0,0.0,1.571365,1.187529,FRA,TUR,2223
2680196,90,224,764,1996.0,791198.0,0.0,0.21841799999999997,1.081136,GRC,TUR,2223
2680197,107,224,764,1996.0,1025.0,0.0,-1.0058129999999998,-1.215661,IRN,TUR,2223
2680198,231,224,764,1996.0,76667.0,0.0,1.742391,1.003066,USA,TUR,2223
2680199,8,230,764,1996.0,2443366.0,0.0,0.007199,0.805707,ARG,URY,2223
2680200,8,231,764,1996.0,59446.0,128414.0,0.007199,0.805707,ARG,USA,2223
2680201,15,231,764,1996.0,0.0,162939.0,2.012626,0.395525,AUT,USA,2223
2680202,31,231,764,1996.0,0.0,617646.0,-0.5529930000000001,-0.600893,BOL,USA,2223
2680203,32,231,764,1996.0,0.0,60225.0,0.8087340000000001,1.370183,BRA,USA,2223
2680204,39,231,764,1996.0,1558.0,1045172.0,0.970932,1.111111,CAN,USA,2223
2680205,49,231,764,1996.0,0.0,123034.0,0.070101,0.08847999999999999,COL,USA,2223
2680206,52,231,764,1996.0,1307.0,0.0,-0.23773000000000002,0.101373,CRI,USA,2223
2680207,61,231,764,1996.0,0.0,111793.0,2.347101,-2.4792799999999997,DEU,USA,2223
2680208,65,231,764,1996.0,0.0,7698.0,-0.370096,-0.371728,DOM,USA,2223
2680209,67,231,764,1996.0,0.0,5109.0,-1.128953,-0.960469,ECU,USA,2223
2680210,71,231,764,1996.0,0.0,1938339.0,1.157591,1.795643,ESP,USA,2223
2680211,77,231,764,1996.0,0.0,4356.0,1.571365,1.187529,FRA,USA,2223
2680212,90,231,764,1996.0,0.0,16830122.0,0.21841799999999997,1.081136,GRC,USA,2223
2680213,93,231,764,1996.0,142110.0,5319.0,-0.28699,0.308033,GTM,USA,2223
2680214,99,231,764,1996.0,0.0,35475.0,-0.57404,-0.594276,HND,USA,2223
2680215,104,231,764,1996.0,38850.0,0.0,0.145769,1.983642,IND,USA,2223
2680216,114,231,764,1996.0,0.0,1370106.0,2.858869,0.477455,JPN,USA,2223
2680217,121,231,764,1996.0,0.0,319577.0,1.230793,1.0548959999999998,KOR,USA,2223
2680218,138,231,764,1996.0,658933.0,20384176.0,0.88569,1.044068,MEX,USA,2223
2680219,160,231,764,1996.0,0.0,2502.0,-0.810879,-0.64475,NIC,USA,2223
2680220,169,231,764,1996.0,0.0,30510.0,-0.03243,-0.326329,PAN,USA,2223
2680221,180,231,764,1996.0,0.0,173992.0,-0.667054,-0.648122,PRY,USA,2223
2680222,224,231,764,1996.0,0.0,76667.0,0.07259700000000001,1.734291,TUR,USA,2223
2680223,236,231,764,1996.0,0.0,1647.0,-0.039967,-0.828263,VEN,USA,2223
2680224,246,231,764,1996.0,234638.0,11940.0,0.277171,1.489549,ZAF,USA,2223
2680225,249,231,764,1996.0,0.0,35267.0,1.7375779999999998,1.4625860000000002,TWN,USA,2223
2680226,231,236,764,1996.0,1647.0,0.0,1.742391,1.003066,USA,VEN,2223
2680227,32,14,764,1996.0,0.0,27350.0,0.8087340000000001,1.370183,BRA,AUS,2223
2680228,43,14,764,1996.0,0.0,3646.0,0.383975,2.197461,CHN,AUS,2223
2680229,71,14,764,1996.0,0.0,51632.0,1.157591,1.795643,ESP,AUS,2223
2680230,77,14,764,1996.0,0.0,34513.0,1.571365,1.187529,FRA,AUS,2223
2680231,90,14,764,1996.0,0.0,72986.0,0.21841799999999997,1.081136,GRC,AUS,2223
2680232,114,14,764,1996.0,0.0,28461524.0,2.858869,0.477455,JPN,AUS,2223
2680233,121,14,764,1996.0,0.0,4084009.0,1.230793,1.0548959999999998,KOR,AUS,2223
2680234,166,14,764,1996.0,0.0,3920.0,0.404233,0.6724640000000001,NZL,AUS,2223
2680235,246,14,764,1996.0,0.0,5779.0,0.277171,1.489549,ZAF,AUS,2223
2680236,249,14,764,1996.0,0.0,138683.0,1.7375779999999998,1.4625860000000002,TWN,AUS,2223
2680237,90,23,764,1996.0,0.0,87390.0,0.21841799999999997,1.081136,GRC,BGR,2223
2680238,111,23,764,1996.0,0.0,1366904.0,1.591442,0.875201,ITA,BGR,2223
2680239,228,23,764,1996.0,0.0,35036.0,0.7582479999999999,1.1207340000000001,UKR,BGR,2223
2680240,7,39,764,1996.0,0.0,11429.0,-0.43356400000000006,-0.8715719999999999,ARE,CAN,2223
2680241,81,39,764,1996.0,3104.0,0.0,1.948148,0.882453,GBR,CAN,2223
2680242,231,39,764,1996.0,1045172.0,1558.0,1.742391,1.003066,USA,CAN,2223
2680243,83,41,764,1996.0,31828.0,0.0,-1.037413,-1.019025,GHA,CHE,2223
2680244,90,41,764,1996.0,12325.0,0.0,0.21841799999999997,1.081136,GRC,CHE,2223
2680245,111,41,764,1996.0,10366.0,0.0,1.591442,0.875201,ITA,CHE,2223
2680246,215,41,764,1996.0,133648.0,0.0,-0.879626,-0.748842,TGO,CHE,2223
2680247,8,42,764,1996.0,603421.0,0.0,0.007199,0.805707,ARG,CHL,2223
2680248,31,42,764,1996.0,568888.0,0.0,-0.5529930000000001,-0.600893,BOL,CHL,2223
2680249,71,66,764,1996.0,0.0,289838.0,1.157591,1.795643,ESP,DZA,2223
2680250,227,68,764,1996.0,123052.0,0.0,-1.105896,-0.910169,UGA,EGY,2223
2680251,41,83,764,1996.0,0.0,31828.0,2.344337,0.709607,CHE,GHA,2223
2680252,44,83,764,1996.0,18904.0,0.0,-0.890915,-0.8165399999999999,CIV,GHA,2223
2680253,71,83,764,1996.0,0.0,631392.0,1.157591,1.795643,ESP,GHA,2223
2680254,215,83,764,1996.0,0.0,66394.0,-0.879626,-0.748842,TGO,GHA,2223
2680255,15,102,764,1996.0,7208.0,4589.0,2.012626,0.395525,AUT,HUN,2223
2680256,90,102,764,1996.0,3421.0,0.0,0.21841799999999997,1.081136,GRC,HUN,2223
2680257,104,103,764,1996.0,152112.0,0.0,0.145769,1.983642,IND,IDN,2223
2680258,114,103,764,1996.0,0.0,157137.0,2.858869,0.477455,JPN,IDN,2223
2680259,249,103,764,1996.0,0.0,394868.0,1.7375779999999998,1.4625860000000002,TWN,IDN,2223
2680260,103,104,764,1996.0,0.0,152112.0,-0.25952,1.343972,IDN,IND,2223
2680261,111,104,764,1996.0,0.0,102220.0,1.591442,0.875201,ITA,IND,2223
2680262,121,104,764,1996.0,0.0,34697.0,1.230793,1.0548959999999998,KOR,IND,2223
2680263,122,104,764,1996.0,0.0,29359.0,-0.412797,-1.1335899999999999,KWT,IND,2223
2680264,153,104,764,1996.0,0.0,17236.0,0.5493640000000001,0.248484,MYS,IND,2223
2680265,192,104,764,1996.0,0.0,9798.0,1.288635,0.259061,SGP,IND,2223
2680266,231,104,764,1996.0,0.0,38850.0,1.742391,1.003066,USA,IND,2223
2680267,8,114,764,1996.0,1364024.0,0.0,0.007199,0.805707,ARG,JPN,2223
2680268,14,114,764,1996.0,28461524.0,0.0,0.025253,0.6428189999999999,AUS,JPN,2223
2680269,15,114,764,1996.0,9867.0,0.0,2.012626,0.395525,AUT,JPN,2223
2680270,19,114,764,1996.0,301072.0,0.0,-1.023515,-0.9004909999999999,BEN,JPN,2223
2680271,43,114,764,1996.0,11696.0,1053.0,0.383975,2.197461,CHN,JPN,2223
2680272,103,114,764,1996.0,157137.0,0.0,-0.25952,1.343972,IDN,JPN,2223
2680273,174,114,764,1996.0,209501.0,1234.0,0.0020329999999999997,0.40715,PHL,JPN,2223
2680274,216,114,764,1996.0,415547.0,0.0,0.26155100000000003,1.146204,THA,JPN,2223
2680275,226,114,764,1996.0,19606.0,0.0,-1.186121,-0.6688390000000001,TZA,JPN,2223
2680276,231,114,764,1996.0,1370106.0,0.0,1.742391,1.003066,USA,JPN,2223
2680277,249,114,764,1996.0,13057.0,0.0,1.7375779999999998,1.4625860000000002,TWN,JPN,2223
2680278,81,188,764,1996.0,2759.0,0.0,1.948148,0.882453,GBR,SAU,2223
2680279,90,188,764,1996.0,1732990.0,0.0,0.21841799999999997,1.081136,GRC,SAU,2223
2680280,8,192,764,1996.0,10220.0,0.0,0.007199,0.805707,ARG,SGP,2223
2680281,104,192,764,1996.0,9798.0,0.0,0.145769,1.983642,IND,SGP,2223
2680282,23,228,764,1996.0,35036.0,0.0,0.510789,1.749248,BGR,UKR,2223
2680283,14,246,764,1996.0,5779.0,0.0,0.025253,0.6428189999999999,AUS,ZAF,2223
2680284,136,246,764,1996.0,1357.0,0.0,-0.971575,-0.656497,MDG,ZAF,2223
2680285,147,246,764,1996.0,346197.0,52092.0,-1.0840459999999998,-1.016672,MOZ,ZAF,2223
2680286,152,246,764,1996.0,169378.0,0.0,-1.203751,-1.003757,MWI,ZAF,2223
2680287,159,246,764,1996.0,71021.0,0.0,-1.9253069999999999,-1.247116,NGA,ZAF,2223
2680288,231,246,764,1996.0,11940.0,234638.0,1.742391,1.003066,USA,ZAF,2223
2680289,247,246,764,1996.0,565942.0,4090.0,-0.58634,-0.796772,ZMB,ZAF,2223
2680290,248,246,764,1996.0,594949.0,0.0,-0.46458999999999995,-0.273683,ZWE,ZAF,2223
2680291,31,8,764,1996.0,0.0,43711.0,-0.5529930000000001,-0.600893,BOL,ARG,2223
2680292,32,8,764,1996.0,0.0,6340.0,0.8087340000000001,1.370183,BRA,ARG,2223
2680293,42,8,764,1996.0,0.0,603421.0,-0.161334,-0.301695,CHL,ARG,2223
2680294,114,8,764,1996.0,0.0,1364024.0,2.858869,0.477455,JPN,ARG,2223
2680295,121,8,764,1996.0,0.0,57491.0,1.230793,1.0548959999999998,KOR,ARG,2223
2680296,180,8,764,1996.0,0.0,4531543.0,-0.667054,-0.648122,PRY,ARG,2223
2680297,192,8,764,1996.0,0.0,10220.0,1.288635,0.259061,SGP,ARG,2223
2680298,230,8,764,1996.0,0.0,2443366.0,0.182427,0.689738,URY,ARG,2223
2680299,231,8,764,1996.0,128414.0,59446.0,1.742391,1.003066,USA,ARG,2223
2680300,21,44,764,1996.0,4675.0,0.0,-0.6722739999999999,-0.9167639999999999,BFA,CIV,2223
2680301,81,44,764,1996.0,0.0,398312.0,1.948148,0.882453,GBR,CIV,2223
2680302,83,44,764,1996.0,0.0,18904.0,-1.037413,-1.019025,GHA,CIV,2223
2680303,141,44,764,1996.0,43787.0,0.0,-0.8623040000000001,-0.991231,MLI,CIV,2223
2680304,157,44,764,1996.0,1503.0,0.0,-0.539406,-0.693657,NER,CIV,2223
2680305,21,157,764,1996.0,1401.0,0.0,-0.6722739999999999,-0.9167639999999999,BFA,NER,2223
2680306,44,157,764,1996.0,0.0,1503.0,-0.890915,-0.8165399999999999,CIV,NER,2223
2680307,159,157,764,1996.0,94668.0,5737.0,-1.9253069999999999,-1.247116,NGA,NER,2223
2680308,14,166,764,1996.0,3920.0,0.0,0.025253,0.6428189999999999,AUS,NZL,2223
2680309,71,191,764,1996.0,0.0,256377.0,1.157591,1.795643,ESP,SEN,2223
2680310,81,191,764,1996.0,0.0,210228.0,1.948148,0.882453,GBR,SEN,2223
2680311,19,215,764,1996.0,26783.0,0.0,-1.023515,-0.9004909999999999,BEN,TGO,2223
2680312,21,215,764,1996.0,6638.0,0.0,-0.6722739999999999,-0.9167639999999999,BFA,TGO,2223
2680313,41,215,764,1996.0,0.0,133648.0,2.344337,0.709607,CHE,TGO,2223
2680314,71,215,764,1996.0,0.0,2437674.0,1.157591,1.795643,ESP,TGO,2223
2680315,81,215,764,1996.0,0.0,295216.0,1.948148,0.882453,GBR,TGO,2223
2680316,83,215,764,1996.0,66394.0,0.0,-1.037413,-1.019025,GHA,TGO,2223
2680317,179,215,764,1996.0,0.0,189799.0,0.49924799999999997,0.9969520000000001,PRT,TGO,2223
2680318,152,247,764,1996.0,2323.0,78590.0,-1.203751,-1.003757,MWI,ZMB,2223
2680319,246,247,764,1996.0,4090.0,565942.0,0.277171,1.489549,ZAF,ZMB,2223
2680320,224,107,764,1996.0,0.0,1025.0,0.07259700000000001,1.734291,TUR,IRN,2223
2680321,110,113,764,1996.0,17115.0,0.0,1.159922,1.025777,ISR,JOR,2223
2680322,14,249,764,1996.0,138683.0,0.0,0.025253,0.6428189999999999,AUS,TWN,2223
2680323,103,249,764,1996.0,394868.0,0.0,-0.25952,1.343972,IDN,TWN,2223
2680324,114,249,764,1996.0,0.0,13057.0,2.858869,0.477455,JPN,TWN,2223
2680325,231,249,764,1996.0,35267.0,0.0,1.742391,1.003066,USA,TWN,2223
2680326,44,141,764,1996.0,0.0,43787.0,-0.890915,-0.8165399999999999,CIV,MLI,2223
2680327,159,168,764,1996.0,419568.0,0.0,-1.9253069999999999,-1.247116,NGA,PAK,2223
2680328,121,239,764,1996.0,0.0,810791.0,1.230793,1.0548959999999998,KOR,VNM,2223
2680329,8,31,764,1996.0,43711.0,0.0,0.007199,0.805707,ARG,BOL,2223
2680330,42,31,764,1996.0,0.0,568888.0,-0.161334,-0.301695,CHL,BOL,2223
2680331,231,31,764,1996.0,617646.0,0.0,1.742391,1.003066,USA,BOL,2223
2680332,93,160,764,1996.0,0.0,2925.0,-0.28699,0.308033,GTM,NIC,2223
2680333,99,160,764,1996.0,0.0,2176.0,-0.57404,-0.594276,HND,NIC,2223
2680334,197,160,764,1996.0,0.0,19064.0,-0.228625,-0.150274,SLV,NIC,2223
2680335,231,160,764,1996.0,2502.0,0.0,1.742391,1.003066,USA,NIC,2223
2680336,93,197,764,1996.0,28290.0,0.0,-0.28699,0.308033,GTM,SLV,2223
2680337,99,197,764,1996.0,27306.0,0.0,-0.57404,-0.594276,HND,SLV,2223
2680338,160,197,764,1996.0,19064.0,0.0,-0.810879,-0.64475,NIC,SLV,2223
2680339,68,227,764,1996.0,0.0,123052.0,-0.405938,-0.209619,EGY,UGA,2223
2680340,116,227,764,1996.0,0.0,44409.0,-0.470653,-0.119252,KEN,UGA,2223
2680341,226,227,764,1996.0,107489.0,0.0,-1.186121,-0.6688390000000001,TZA,UGA,2223
2680342,71,85,764,1996.0,0.0,509830.0,1.157591,1.795643,ESP,GIN,2223
2680343,246,136,764,1996.0,0.0,1357.0,0.277171,1.489549,ZAF,MDG,2223
2680344,77,151,764,1996.0,0.0,2218.0,1.571365,1.187529,FRA,MUS,2223
2680345,246,152,764,1996.0,0.0,169378.0,0.277171,1.489549,ZAF,MWI,2223
2680346,247,152,764,1996.0,78590.0,2323.0,-0.58634,-0.796772,ZMB,MWI,2223
2680347,248,152,764,1996.0,0.0,2695662.0,-0.46458999999999995,-0.273683,ZWE,MWI,2223
2680348,157,159,764,1996.0,5737.0,94668.0,-0.539406,-0.693657,NER,NGA,2223
2680349,162,159,764,1996.0,0.0,44008.0,1.331177,1.6320430000000001,NLD,NGA,2223
2680350,168,159,764,1996.0,0.0,419568.0,-0.759362,-0.541712,PAK,NGA,2223
2680351,246,159,764,1996.0,0.0,71021.0,0.277171,1.489549,ZAF,NGA,2223
2680352,114,226,764,1996.0,0.0,19606.0,2.858869,0.477455,JPN,TZA,2223
2680353,227,226,764,1996.0,0.0,107489.0,-1.105896,-0.910169,UGA,TZA,2223
2680354,39,7,764,1996.0,11429.0,0.0,0.970932,1.111111,CAN,ARE,2223
2680355,21,19,764,1996.0,1574.0,0.0,-0.6722739999999999,-0.9167639999999999,BFA,BEN,2223
2680356,71,19,764,1996.0,0.0,5797598.0,1.157591,1.795643,ESP,BEN,2223
2680357,111,19,764,1996.0,0.0,10215738.0,1.591442,0.875201,ITA,BEN,2223
2680358,114,19,764,1996.0,0.0,301072.0,2.858869,0.477455,JPN,BEN,2223
2680359,138,19,764,1996.0,0.0,3115722.0,0.88569,1.044068,MEX,BEN,2223
2680360,162,19,764,1996.0,0.0,313542.0,1.331177,1.6320430000000001,NLD,BEN,2223
2680361,215,19,764,1996.0,0.0,26783.0,-0.879626,-0.748842,TGO,BEN,2223
2680362,19,21,764,1996.0,0.0,1574.0,-1.023515,-0.9004909999999999,BEN,BFA,2223
2680363,44,21,764,1996.0,0.0,4675.0,-0.890915,-0.8165399999999999,CIV,BFA,2223
2680364,157,21,764,1996.0,0.0,1401.0,-0.539406,-0.693657,NER,BFA,2223
2680365,215,21,764,1996.0,0.0,6638.0,-0.879626,-0.748842,TGO,BFA,2223
2680366,227,116,764,1996.0,44409.0,0.0,-1.105896,-0.910169,UGA,KEN,2223
2680367,104,122,764,1996.0,29359.0,0.0,0.145769,1.983642,IND,KWT,2223
2680368,246,147,764,1996.0,52092.0,346197.0,0.277171,1.489549,ZAF,MOZ,2223
2680369,152,248,764,1996.0,2695662.0,0.0,-1.203751,-1.003757,MWI,ZWE,2223
2680370,246,248,764,1996.0,0.0,594949.0,0.277171,1.489549,ZAF,ZWE,2223
2680371,216,118,764,1996.0,5954.0,0.0,0.26155100000000003,1.146204,THA,KHM,2223
2680372,71,88,764,1996.0,0.0,125339.0,1.157591,1.795643,ESP,GNB,2223
2680373,90,92,764,1996.0,0.0,260455.0,0.21841799999999997,1.081136,GRC,GRL,2223
2680374,61,18,838,1996.0,3866.0,0.0,2.347101,-2.4792799999999997,DEU,BEL,2860
2680375,77,18,838,1996.0,1175.0,0.0,1.571365,1.187529,FRA,BEL,2860
2680376,114,18,838,1996.0,39996.0,0.0,2.858869,0.477455,JPN,BEL,2860
2680377,246,18,838,1996.0,0.0,79788.0,0.277171,1.489549,ZAF,BEL,2860
2680378,39,32,838,1996.0,2220.0,0.0,0.970932,1.111111,CAN,BRA,2860
2680379,153,43,838,1996.0,302401.0,0.0,0.5493640000000001,0.248484,MYS,CHN,2860
2680380,216,43,838,1996.0,63717.0,0.0,0.26155100000000003,1.146204,THA,CHN,2860
2680381,18,61,838,1996.0,0.0,3866.0,1.5604850000000001,1.30819,BEL,DEU,2860
2680382,41,61,838,1996.0,0.0,2978.0,2.344337,0.709607,CHE,DEU,2860
2680383,162,61,838,1996.0,0.0,1200.0,1.331177,1.6320430000000001,NLD,DEU,2860
2680384,179,61,838,1996.0,1877788.0,0.0,0.49924799999999997,0.9969520000000001,PRT,DEU,2860
2680385,77,71,838,1996.0,0.0,4052.0,1.571365,1.187529,FRA,ESP,2860
2680386,18,77,838,1996.0,0.0,1175.0,1.5604850000000001,1.30819,BEL,FRA,2860
2680387,39,77,838,1996.0,2471154.0,0.0,0.970932,1.111111,CAN,FRA,2860
2680388,71,77,838,1996.0,4052.0,0.0,1.157591,1.795643,ESP,FRA,2860
2680389,157,77,838,1996.0,0.0,1059.0,-0.539406,-0.693657,NER,FRA,2860
2680390,223,77,838,1996.0,0.0,101708.0,-0.250917,-0.057383,TUN,FRA,2860
2680391,228,77,838,1996.0,19793842.0,0.0,0.7582479999999999,1.1207340000000001,UKR,FRA,2860
2680392,231,77,838,1996.0,0.0,6440.0,1.742391,1.003066,USA,FRA,2860
2680393,39,81,838,1996.0,5201968.0,0.0,0.970932,1.111111,CAN,GBR,2860
2680394,90,81,838,1996.0,0.0,18459.0,0.21841799999999997,1.081136,GRC,GBR,2860
2680395,159,81,838,1996.0,0.0,20286.0,-1.9253069999999999,-1.247116,NGA,GBR,2860
2680396,179,81,838,1996.0,793653.0,0.0,0.49924799999999997,0.9969520000000001,PRT,GBR,2860
2680397,231,81,838,1996.0,3448.0,0.0,1.742391,1.003066,USA,GBR,2860
2680398,81,90,838,1996.0,18459.0,0.0,1.948148,0.882453,GBR,GRC,2860
2680399,197,93,838,1996.0,0.0,4125.0,-0.228625,-0.150274,SLV,GTM,2860
2680400,197,99,838,1996.0,2309.0,0.0,-0.228625,-0.150274,SLV,HND,2860
2680401,236,138,838,1996.0,0.0,8633.0,-0.039967,-0.828263,VEN,MEX,2860
2680402,43,153,838,1996.0,0.0,302401.0,0.383975,2.197461,CHN,MYS,2860
2680403,192,153,838,1996.0,0.0,29628.0,1.288635,0.259061,SGP,MYS,2860
2680404,61,162,838,1996.0,1200.0,0.0,2.347101,-2.4792799999999997,DEU,NLD,2860
2680405,61,179,838,1996.0,0.0,1877788.0,2.347101,-2.4792799999999997,DEU,PRT,2860
2680406,81,179,838,1996.0,0.0,793653.0,1.948148,0.882453,GBR,PRT,2860
2680407,43,216,838,1996.0,0.0,63717.0,0.383975,2.197461,CHN,THA,2860
2680408,68,224,838,1996.0,0.0,91393.0,-0.405938,-0.209619,EGY,TUR,2860
2680409,14,231,838,1996.0,34214.0,0.0,0.025253,0.6428189999999999,AUS,USA,2860
2680410,39,231,838,1996.0,8357.0,0.0,0.970932,1.111111,CAN,USA,2860
2680411,77,231,838,1996.0,6440.0,0.0,1.571365,1.187529,FRA,USA,2860
2680412,81,231,838,1996.0,0.0,3448.0,1.948148,0.882453,GBR,USA,2860
2680413,186,231,838,1996.0,3023094.0,0.0,0.505247,0.349848,RUS,USA,2860
2680414,236,231,838,1996.0,0.0,1616.0,-0.039967,-0.828263,VEN,USA,2860
2680415,138,236,838,1996.0,8633.0,0.0,0.88569,1.044068,MEX,VEN,2860
2680416,231,236,838,1996.0,1616.0,0.0,1.742391,1.003066,USA,VEN,2860
2680417,104,14,838,1996.0,0.0,30147.0,0.145769,1.983642,IND,AUS,2860
2680418,231,14,838,1996.0,0.0,34214.0,1.742391,1.003066,USA,AUS,2860
2680419,250,14,838,1996.0,0.0,217043184.0,1.153784,0.831677,ANS,AUS,2860
2680420,250,23,838,1996.0,316818.0,0.0,1.153784,0.831677,ANS,BGR,2860
2680421,32,39,838,1996.0,0.0,2220.0,0.8087340000000001,1.370183,BRA,CAN,2860
2680422,77,39,838,1996.0,0.0,2471154.0,1.571365,1.187529,FRA,CAN,2860
2680423,81,39,838,1996.0,0.0,5201968.0,1.948148,0.882453,GBR,CAN,2860
2680424,231,39,838,1996.0,0.0,8357.0,1.742391,1.003066,USA,CAN,2860
2680425,61,41,838,1996.0,2978.0,0.0,2.347101,-2.4792799999999997,DEU,CHE,2860
2680426,224,68,838,1996.0,91393.0,0.0,0.07259700000000001,1.734291,TUR,EGY,2860
2680427,14,104,838,1996.0,30147.0,0.0,0.025253,0.6428189999999999,AUS,IND,2860
2680428,18,114,838,1996.0,0.0,39996.0,1.5604850000000001,1.30819,BEL,JPN,2860
2680429,231,186,838,1996.0,0.0,3023094.0,1.742391,1.003066,USA,RUS,2860
2680430,7,188,838,1996.0,0.0,23747.0,-0.43356400000000006,-0.8715719999999999,ARE,SAU,2860
2680431,192,188,838,1996.0,0.0,20991.0,1.288635,0.259061,SGP,SAU,2860
2680432,153,192,838,1996.0,29628.0,0.0,0.5493640000000001,0.248484,MYS,SGP,2860
2680433,188,192,838,1996.0,20991.0,0.0,-0.200762,-1.0419610000000001,SAU,SGP,2860
2680434,77,228,838,1996.0,0.0,19793842.0,1.571365,1.187529,FRA,UKR,2860
2680435,18,246,838,1996.0,79788.0,0.0,1.5604850000000001,1.30819,BEL,ZAF,2860
2680436,19,157,838,1996.0,0.0,136752144.0,-1.023515,-0.9004909999999999,BEN,NER,2860
2680437,77,157,838,1996.0,1059.0,0.0,1.571365,1.187529,FRA,NER,2860
2680438,77,223,838,1996.0,101708.0,0.0,1.571365,1.187529,FRA,TUN,2860
2680439,14,250,838,1996.0,217043184.0,0.0,0.025253,0.6428189999999999,AUS,ANS,2860
2680440,23,250,838,1996.0,0.0,316818.0,0.510789,1.749248,BGR,ANS,2860
2680441,93,197,838,1996.0,4125.0,0.0,-0.28699,0.308033,GTM,SLV,2860
2680442,99,197,838,1996.0,0.0,2309.0,-0.57404,-0.594276,HND,SLV,2860
2680443,81,159,838,1996.0,20286.0,0.0,1.948148,0.882453,GBR,NGA,2860
2680444,188,7,838,1996.0,23747.0,0.0,-0.200762,-1.0419610000000001,SAU,ARE,2860
2680445,157,19,838,1996.0,136752144.0,0.0,-0.539406,-0.693657,NER,BEN,2860
2680446,250,18,1437,1996.0,1034442560.0,8691331072.0,1.153784,0.831677,ANS,BEL,ZZZZ
2680447,250,32,1437,1996.0,0.0,503624608.0,1.153784,0.831677,ANS,BRA,ZZZZ
2680448,128,43,1437,1996.0,0.0,40325112.0,-0.71165,-0.320193,LKA,CHN,ZZZZ
2680449,250,64,1437,1996.0,2499507200.0,4048373248.0,1.153784,0.831677,ANS,DNK,ZZZZ
2680450,250,65,1437,1996.0,0.0,3262070784.0,1.153784,0.831677,ANS,DOM,ZZZZ
2680451,250,71,1437,1996.0,0.0,380750496.0,1.153784,0.831677,ANS,ESP,ZZZZ
2680452,250,74,1437,1996.0,443805184.0,241554048.0,1.153784,0.831677,ANS,FIN,ZZZZ
2680453,250,97,1437,1996.0,0.0,78310208.0,1.153784,0.831677,ANS,HKG,ZZZZ
2680454,250,106,1437,1996.0,1466689280.0,0.0,1.153784,0.831677,ANS,IRL,ZZZZ
2680455,66,111,1437,1996.0,460054112.0,0.0,-0.478062,-1.107679,DZA,ITA,ZZZZ
2680456,250,111,1437,1996.0,0.0,1016843712.0,1.153784,0.831677,ANS,ITA,ZZZZ
2680457,250,162,1437,1996.0,931170560.0,6622647296.0,1.153784,0.831677,ANS,NLD,ZZZZ
2680458,192,169,1437,1996.0,152846176.0,0.0,1.288635,0.259061,SGP,PAN,ZZZZ
2680459,168,208,1437,1996.0,0.0,31031792.0,-0.759362,-0.541712,PAK,SWE,ZZZZ
2680460,250,216,1437,1996.0,797356160.0,0.0,1.153784,0.831677,ANS,THA,ZZZZ
2680461,24,231,1437,1996.0,0.0,49406120.0,-0.359199,-0.9925,BHR,USA,ZZZZ
2680462,57,231,1437,1996.0,0.0,56550720.0,0.255347,-0.593208,CYM,USA,ZZZZ
2680463,183,231,1437,1996.0,60324760.0,0.0,-0.511976,-1.148631,QAT,USA,ZZZZ
2680464,250,23,1437,1996.0,0.0,109127176.0,1.153784,0.831677,ANS,BGR,ZZZZ
2680465,250,39,1437,1996.0,1581782400.0,0.0,1.153784,0.831677,ANS,CAN,ZZZZ
2680466,250,42,1437,1996.0,0.0,165423808.0,1.153784,0.831677,ANS,CHL,ZZZZ
2680467,111,66,1437,1996.0,0.0,460054112.0,1.591442,0.875201,ITA,DZA,ZZZZ
2680468,250,185,1437,1996.0,122447184.0,0.0,1.153784,0.831677,ANS,ROU,ZZZZ
2680469,28,186,1437,1996.0,2907599872.0,3356948992.0,0.785274,1.0126899999999999,BLR,RUS,ZZZZ
2680470,122,186,1437,1996.0,0.0,143254000.0,-0.412797,-1.1335899999999999,KWT,RUS,ZZZZ
2680471,250,186,1437,1996.0,13675049984.0,1270133888.0,1.153784,0.831677,ANS,RUS,ZZZZ
2680472,125,192,1437,1996.0,0.0,109188528.0,-1.2208629999999998,-1.1693440000000002,LBR,SGP,ZZZZ
2680473,169,192,1437,1996.0,0.0,152846176.0,-0.03243,-0.326329,PAN,SGP,ZZZZ
2680474,250,246,1437,1996.0,0.0,31587528.0,1.153784,0.831677,ANS,ZAF,ZZZZ
2680475,250,166,1437,1996.0,0.0,198062208.0,1.153784,0.831677,ANS,NZL,ZZZZ
2680476,43,128,1437,1996.0,40325112.0,0.0,0.383975,2.197461,CHN,LKA,ZZZZ
2680477,18,250,1437,1996.0,8691331072.0,1034442560.0,1.5604850000000001,1.30819,BEL,ANS,ZZZZ
2680478,23,250,1437,1996.0,109127176.0,0.0,0.510789,1.749248,BGR,ANS,ZZZZ
2680479,32,250,1437,1996.0,503624608.0,0.0,0.8087340000000001,1.370183,BRA,ANS,ZZZZ
2680480,39,250,1437,1996.0,0.0,1581782400.0,0.970932,1.111111,CAN,ANS,ZZZZ
2680481,42,250,1437,1996.0,165423808.0,0.0,-0.161334,-0.301695,CHL,ANS,ZZZZ
2680482,64,250,1437,1996.0,4048373248.0,2499507200.0,1.416927,1.401766,DNK,ANS,ZZZZ
2680483,65,250,1437,1996.0,3262070784.0,0.0,-0.370096,-0.371728,DOM,ANS,ZZZZ
2680484,71,250,1437,1996.0,380750496.0,0.0,1.157591,1.795643,ESP,ANS,ZZZZ
2680485,74,250,1437,1996.0,241554048.0,443805184.0,2.007619,1.016303,FIN,ANS,ZZZZ
2680486,97,250,1437,1996.0,78310208.0,0.0,0.699041,1.8341720000000001,HKG,ANS,ZZZZ
2680487,106,250,1437,1996.0,0.0,1466689280.0,1.476369,1.049152,IRL,ANS,ZZZZ
2680488,111,250,1437,1996.0,1016843712.0,0.0,1.591442,0.875201,ITA,ANS,ZZZZ
2680489,162,250,1437,1996.0,6622647296.0,931170560.0,1.331177,1.6320430000000001,NLD,ANS,ZZZZ
2680490,166,250,1437,1996.0,198062208.0,0.0,0.404233,0.6724640000000001,NZL,ANS,ZZZZ
2680491,185,250,1437,1996.0,0.0,122447184.0,0.612166,1.201016,ROU,ANS,ZZZZ
2680492,186,250,1437,1996.0,1270133888.0,13675049984.0,0.505247,0.349848,RUS,ANS,ZZZZ
2680493,216,250,1437,1996.0,0.0,797356160.0,0.26155100000000003,1.146204,THA,ANS,ZZZZ
2680494,246,250,1437,1996.0,31587528.0,0.0,0.277171,1.489549,ZAF,ANS,ZZZZ
2680495,208,168,1437,1996.0,31031792.0,0.0,2.186414,0.848194,SWE,PAK,ZZZZ
2680496,231,24,1437,1996.0,49406120.0,0.0,1.742391,1.003066,USA,BHR,ZZZZ
2680497,115,28,1437,1996.0,0.0,110032480.0,0.455772,0.16361099999999998,KAZ,BLR,ZZZZ
2680498,186,28,1437,1996.0,3356948992.0,2907599872.0,0.505247,0.349848,RUS,BLR,ZZZZ
2680499,28,115,1437,1996.0,110032480.0,0.0,0.785274,1.0126899999999999,BLR,KAZ,ZZZZ
2680500,219,115,1437,1996.0,176214896.0,0.0,-0.666457,-1.1301350000000001,TKM,KAZ,ZZZZ
2680501,232,115,1437,1996.0,0.0,201820320.0,-0.139651,-0.670652,UZB,KAZ,ZZZZ
2680502,186,122,1437,1996.0,143254000.0,0.0,0.505247,0.349848,RUS,KWT,ZZZZ
2680503,192,125,1437,1996.0,109188528.0,0.0,1.288635,0.259061,SGP,LBR,ZZZZ
2680504,231,183,1437,1996.0,0.0,60324760.0,1.742391,1.003066,USA,QAT,ZZZZ
2680505,115,232,1437,1996.0,201820320.0,0.0,0.455772,0.16361099999999998,KAZ,UZB,ZZZZ
2680506,231,57,1437,1996.0,56550720.0,0.0,1.742391,1.003066,USA,CYM,ZZZZ
2680507,115,219,1437,1996.0,0.0,176214896.0,0.455772,0.16361099999999998,KAZ,TKM,ZZZZ
